"","gene_name","protein","domain","conserved"
"1","Nvec_NVE12939","","Macin/","yes"
"2","Nvec_NVE14199","","CECR6_TMEM121/","yes"
"3","Nvec_NVE16333","","","yes"
"4","Nvec_NVE6615","","","yes"
"5","Nvec_v1g241372","GBP1","GBP/","yes"
"6","Nvec_vc1.1_XM_001621824.3","PRLHR","7tm_1/","yes"
"7","Nvec_vc1.1_XM_001622084.3","ADORA2B","7tm_1/","yes"
"8","Nvec_vc1.1_XM_001622452.3","","Polysacc_deac_1/","yes"
"9","Nvec_vc1.1_XM_001623954.3","CLIC2","GST_C/","yes"
"10","Nvec_vc1.1_XM_001624274.3","","","yes"
"11","Nvec_vc1.1_XM_001624387.3","RERG","Ras/","yes"
"12","Nvec_vc1.1_XM_001624795.3","CASP2","CARD/Death/","yes"
"13","Nvec_vc1.1_XM_001625350.2","BCL10","CARD/","yes"
"14","Nvec_vc1.1_XM_001626284.3","","SAA/","yes"
"15","Nvec_vc1.1_XM_001626912.3","BCL3","Ank_2/Ank_2/Ank_2/","yes"
"16","Nvec_vc1.1_XM_001627335.3","STING1","TMEM173/","yes"
"17","Nvec_vc1.1_XM_001627409.3","","","yes"
"18","Nvec_vc1.1_XM_001628419.3","ERCC8","WD40/WD40/WD40/WD40/","yes"
"19","Nvec_vc1.1_XM_001628737.3","CIB2","EF-hand_7/","yes"
"20","Nvec_vc1.1_XM_001628834.3","","","yes"
"21","Nvec_vc1.1_XM_001628985.3","PTCHD3","Patched/","yes"
"22","Nvec_vc1.1_XM_001629262.3","MARCHF3","RINGv/","yes"
"23","Nvec_vc1.1_XM_001629490.3","","","yes"
"24","Nvec_vc1.1_XM_001629513.3","","","yes"
"25","Nvec_vc1.1_XM_001629514.3","","","yes"
"26","Nvec_vc1.1_XM_001629533.3","ANKRD50","DUF4559/Ank_2/Ank_2/Ank_2/","yes"
"27","Nvec_vc1.1_XM_001629607.3","CGAS","Mab-21/","yes"
"28","Nvec_vc1.1_XM_001629741.3","RNF213","AAA_5/","yes"
"29","Nvec_vc1.1_XM_001630004.3","CAPN15","zf-RanBP/zf-RanBP/zf-RanBP/Peptidase_C2/","yes"
"30","Nvec_vc1.1_XM_001630092.3","","","yes"
"31","Nvec_vc1.1_XM_001630280.3","FBXO4","F-box-like/Arf/","yes"
"32","Nvec_vc1.1_XM_001630553.3","SCUBE2","EGF_3/EGF_CA/EGF_CA/EGF_3/EGF_CA/EGF_CA/","yes"
"33","Nvec_vc1.1_XM_001630661.3","C4orf33","","yes"
"34","Nvec_vc1.1_XM_001630858.3","TNFAIP3","OTU/zf-A20/zf-A20/","yes"
"35","Nvec_vc1.1_XM_001631435.3","","","yes"
"36","Nvec_vc1.1_XM_001632093.3","SEPTIN8","AIG1/","yes"
"37","Nvec_vc1.1_XM_001632108.3","","","yes"
"38","Nvec_vc1.1_XM_001633783.3","SDR9C7","adh_short/","yes"
"39","Nvec_vc1.1_XM_001633805.3","DRAM1","Frag1/","yes"
"40","Nvec_vc1.1_XM_001634203.3","RHOBTB1","Ras/BTB/BTB/","yes"
"41","Nvec_vc1.1_XM_001634267.3","VWA7","","yes"
"42","Nvec_vc1.1_XM_001634286.3","ADGRV1","Vitellogenin_N/","yes"
"43","Nvec_vc1.1_XM_001635437.3","HMCN1","TSP_1/TSP_1/TSP_1/","yes"
"44","Nvec_vc1.1_XM_001635879.3","","AOX/","yes"
"45","Nvec_vc1.1_XM_001636301.3","PARP12","WWE/PARP/","yes"
"46","Nvec_vc1.1_XM_001636352.3","ELK1","Ets/","yes"
"47","Nvec_vc1.1_XM_001636460.3","CNTN5","V-set/","yes"
"48","Nvec_vc1.1_XM_001636476.3","RAB30","Ras/","yes"
"49","Nvec_vc1.1_XM_001636879.3","SOCS2","SH2/SOCS_box/","yes"
"50","Nvec_vc1.1_XM_001637229.1","TRPM6","Alpha_kinase/","yes"
"51","Nvec_vc1.1_XM_001637235.3","IFI44","Septin/","yes"
"52","Nvec_vc1.1_XM_001637726.3","UNC5C","TNFR_c6/TNFR_c6/ZU5/","yes"
"53","Nvec_vc1.1_XM_001639145.3","CBX1","Chromo/","yes"
"54","Nvec_vc1.1_XM_001639785.3","SVEP1","Pentaxin/","yes"
"55","Nvec_vc1.1_XM_001640232.3","PPP3R2","EF-hand_7/EF-hand_7/","yes"
"56","Nvec_vc1.1_XM_001640321.3","CBX2","Chromo/CBX7_C/","yes"
"57","Nvec_vc1.1_XM_001640713.3","ERI1","SAP/RNase_T/","yes"
"58","Nvec_vc1.1_XM_001641250.3","FGFR1","Ig_2/Ig_3/Pkinase_Tyr/","yes"
"59","Nvec_vc1.1_XM_001641787.3","EDAR","","yes"
"60","Nvec_vc1.1_XM_001642012.3","ADAR","z-alpha/dsrm/A_deamin/","yes"
"61","Nvec_vc1.1_XM_001647471.3","OTX1","Homeodomain/","yes"
"62","Nvec_vc1.1_XM_032361844.2","","","yes"
"63","Nvec_vc1.1_XM_032361849.2","ELK1","Ets/","yes"
"64","Nvec_vc1.1_XM_032361976.2","IRF2","IRF/","yes"
"65","Nvec_vc1.1_XM_032362354.2","ANKRD50","DUF4559/NACHT/Ank_2/Ank_2/Ank/Ank_2/","yes"
"66","Nvec_vc1.1_XM_032362450.2","TLR4","LRR_8/TIR_2/","yes"
"67","Nvec_vc1.1_XM_032362639.2","TNFSF14","Collagen/TNF/","yes"
"68","Nvec_vc1.1_XM_032362939.2","","DUF19/","yes"
"69","Nvec_vc1.1_XM_032362941.2","","","yes"
"70","Nvec_vc1.1_XM_032363265.2","DHX8","DEAD/Helicase_C/HA2/OB_NTP_bind/IBR/","yes"
"71","Nvec_vc1.1_XM_032363291.2","AL136295.5","PUB/HOIP-UBA/IBR/E3_UbLigase_RBR/","yes"
"72","Nvec_vc1.1_XM_032363508.2","","","yes"
"73","Nvec_vc1.1_XM_032363582.2","COL14A1","TSP_1/VWA/","yes"
"74","Nvec_vc1.1_XM_032363957.2","","","yes"
"75","Nvec_vc1.1_XM_032364091.2","OPTN","CC2-LZ/zf_C2H2_10/","yes"
"76","Nvec_vc1.1_XM_032364196.2","CSMD3","F5_F8_type_C/Sushi/Sushi/Sushi/Sushi/Sushi/Sushi/Sushi/Sushi/Sushi/Sushi/Sushi/Sushi/Sushi/Lectin_C/","yes"
"77","Nvec_vc1.1_XM_032364224.2","RLRa","CARD_2/DEAD/RIG-I_C/Helicase_C/RIG-I_C-RD/","yes"
"78","Nvec_vc1.1_XM_032364263.2","","Acyl_transf_3/","yes"
"79","Nvec_vc1.1_XM_032365166.2","KCTD21","BTB_2/TLD/","yes"
"80","Nvec_vc1.1_XM_032365561.2","TSHR","LRR_8/7tm_1/","yes"
"81","Nvec_vc1.1_XM_032365932.2","MMP25","Peptidase_M10/Hemopexin/Hemopexin/","yes"
"82","Nvec_vc1.1_XM_032366052.2","DDX58","zf-met/ResIII/","yes"
"83","Nvec_vc1.1_XM_032366890.2","","CARD_2/Death/Peptidase_C14/","yes"
"84","Nvec_vc1.1_XM_032366897.2","VAV2","SH2/","yes"
"85","Nvec_vc1.1_XM_032366972.2","TRAF3","zf-C3HC4_2/zf-TRAF/","yes"
"86","Nvec_vc1.1_XM_032367113.2","","DUF4728/","yes"
"87","Nvec_vc1.1_XM_032367138.2","","BRICHOS/","yes"
"88","Nvec_vc1.1_XM_032367461.2","NID1","EGF_3/EGF_CA/EGF_CA/EGF_CA/EGF_CA/EGF_CA/EGF_CA/EGF_CA/EGF_CA/EGF_CA/EGF_CA/EGF_CA/EGF_3/EGF_CA/","yes"
"89","Nvec_vc1.1_XM_032367671.2","SCUBE2","EGF_3/EGF_CA/EGF_CA/EGF_CA/EGF_CA/EGF_CA/EGF_CA/EGF_CA/EGF_CA/EGF_CA/EGF_CA/EGF_CA/EGF_CA/EGF_CA/EGF_CA/EGF_CA/EGF_CA/EGF_CA/EGF_CA/EGF_CA/EGF_CA/EGF_CA/EGF_CA/EGF_CA/EGF_CA/EGF_CA/EGF_3/","yes"
"90","Nvec_vc1.1_XM_032367751.2","","","yes"
"91","Nvec_vc1.1_XM_032369000.2","","","yes"
"92","Nvec_vc1.1_XM_032369370.2","CYP3A4","p450/","yes"
"93","Nvec_vc1.1_XM_032369492.2","BIRC3","BIR/BIR/zf-C3HC4_3/","yes"
"94","Nvec_vc1.1_XM_032369797.2","ZNFX1","AAA_11/Laminin_G_3/AAA_11/AAA_12/","yes"
"95","Nvec_vc1.1_XM_032369995.2","TMPRSS6","Sushi/Sushi/VWA/Trypsin/","yes"
"96","Nvec_vc1.1_XM_032370269.2","MAFA","bZIP_Maf/","yes"
"97","Nvec_vc1.1_XM_032370466.2","SYK","SH2/SH2/Pkinase_Tyr/","yes"
"98","Nvec_vc1.1_XM_032370736.2","CASP3","Peptidase_C14/","yes"
"99","Nvec_vc1.1_XM_032371416.2","","Death/Death/TPR_12/","yes"
"100","Nvec_vc1.1_XM_032371550.2","","","yes"
"101","Nvec_vc1.1_XM_032372500.2","TRIM33","zf-RING_UBOX/Filamin/DUF5128/NHL/","yes"
"102","Nvec_vc1.1_XM_032372612.2","NFKB1","Ank_2/Ank_2/","yes"
"103","Nvec_vc1.1_XM_032372617.2","TAX1BP1","SKICH/","yes"
"104","Nvec_vc1.1_XM_032373580.2","","","yes"
"105","Nvec_vc1.1_XM_032373913.2","","SAA/","yes"
"106","Nvec_vc1.1_XM_032374469.2","","Glyco_transf_4/Glyco_trans_1_4/","yes"
"107","Nvec_vc1.1_XM_032374592.2","BCL3","Ank_2/Ank_2/","yes"
"108","Nvec_vc1.1_XM_032375124.1","","","yes"
"109","Nvec_vc1.1_XM_032375311.2","SAMD9L","DED/","yes"
"110","Nvec_vc1.1_XM_032375700.2","ARRDC3","Arrestin_N/Arrestin_C/","yes"
"111","Nvec_vc1.1_XM_032376004.2","","","yes"
"112","Nvec_vc1.1_XM_032376414.2","NSF","CDC48_2/AAA/AAA_lid_3/AAA/","yes"
"113","Nvec_vc1.1_XM_032376627.2","SIDT2","SID-1_RNA_chan/SID-1_RNA_chan/","yes"
"114","Nvec_vc1.1_XM_032376794.2","SH3PXD2A","PX/","yes"
"115","Nvec_vc1.1_XM_032376812.2","","","yes"
"116","Nvec_vc1.1_XM_032377067.2","BCL2L13","Bcl-2/","yes"
"117","Nvec_vc1.1_XM_032377230.2","FASN","Patched/Patched/ketoacyl-synt/Ketoacyl-synt_C/KAsynt_C_assoc/Acyl_transf_1/PS-DH/KR/Thioesterase/","yes"
"118","Nvec_vc1.1_XM_032377687.2","TRAFD1","","yes"
"119","Nvec_vc1.1_XM_032378771.2","PXDNL","Ig_3/Ig_3/Ig_2/COLFI/","yes"
"120","Nvec_vc1.1_XM_032379206.2","KLHL10","BTB/","yes"
"121","Nvec_vc1.1_XM_032379220.2","BTBD3","BTB/BACK/PHR/","yes"
"122","Nvec_vc1.1_XM_032379287.2","ZC3H12A","UBA_6/RNase_Zc3h12a/","yes"
"123","Nvec_vc1.1_XM_032379586.2","FBXL13","F-box-like/LRR_6/LRR_6/","yes"
"124","Nvec_vc1.1_XM_032379612.2","TRAF3","zf-C3HC4/zf-TRAF/zf-TRAF/","yes"
"125","Nvec_vc1.1_XM_032379633.2","TRAF3","","yes"
"126","Nvec_vc1.1_XM_032379825.2","","","yes"
"127","Nvec_vc1.1_XM_032380093.2","RBCK1","zf-C3HC4/","yes"
"128","Nvec_vc1.1_XM_032380348.2","DICER1","DEAD/Helicase_C/RdRP/","yes"
"129","Nvec_vc1.1_XM_032380820.2","TDRKH","KH_1/KH_1/","yes"
"130","Nvec_vc1.1_XM_032380927.2","","KH_1/","yes"
"131","Nvec_vc1.1_XM_032381423.2","","","yes"
"132","Nvec_vc1.1_XM_032381655.2","EDA2R","TNFR_c6/","yes"
"133","Nvec_vc1.1_XM_032381817.2","","","yes"
"134","Nvec_vc1.1_XM_032383642.2","","","yes"
"135","Nvec_vc1.1_XM_032383649.2","MDM2","C1_2/C1_2/zf-C3HC4_3/","yes"
"136","Nvec_vc1.1_XM_032383741.2","CRB1","","yes"
"137","Nvec_vc1.1_XM_032383979.2","TP73","P53/","yes"
"138","Nvec_vc1.1_XM_032384221.2","ETV6","Ets/","yes"
"139","Nvec_vc1.1_XM_032384677.2","","RdRP/","yes"
"140","Nvec_vc1.1_XM_032384801.2","ENTPD3","GDA1_CD39/","yes"
"141","Nvec_vc1.1_XM_032384852.2","CSMD3","Sushi/Sushi/Sushi/Sushi/Sushi/Sushi/Sushi/Sushi/Sushi/Sushi/Sushi/Sushi/Sushi/Sushi/F5_F8_type_C/","yes"
"142","Nvec_vc1.1_XM_032385005.2","C2","Sushi/Sushi/Sushi/Sushi/VWA/Trypsin/","yes"
"143","Nvec_vc1.1_XM_032385177.2","","","yes"
"144","Nvec_vc1.1_XM_032385528.2","CSRNP2","CSRNP_N/CSRNP_N/","yes"
"145","Nvec_vc1.1_XM_032385537.2","GBP3","GBP/Peptidase_S74/","yes"
"146","Nvec_vc1.1_XM_032385632.2","","","yes"
"147","Nvec_vc1.1_XM_032385997.2","","Death/","yes"
"148","Nvec_vc1.1_XM_032386270.2","CNTN6","fn3/","yes"
"149","Nvec_vc1.1_XM_032386287.2","","","yes"
"150","Nvec_vc1.1_XM_032386771.2","","","yes"
"151","Nvec_vc1.1_XM_032387199.2","ITLN1","Fibrinogen_C/","yes"
"152","Nvec_vc1.1_XM_032387333.2","","","yes"
"153","Nvec_vc1.1_XM_048719751.1","TECPR1","Hyd_WA/Hyd_WA/Hyd_WA/Pex24p/Hyd_WA/Hyd_WA/","yes"
"154","Nvec_vc1.1_XM_048720307.1","F10","Fibrinogen_C/","yes"
"155","Nvec_vc1.1_XM_048720318.1","","DED/","yes"
"156","Nvec_vc1.1_XM_048720683.1","","","yes"
"157","Nvec_vc1.1_XM_048720705.1","CYLD","CAP_GLY/CAP_GLY/CAP_GLY/UCH/","yes"
"158","Nvec_vc1.1_XM_048720727.1","IRF2","IRF/IRF-3/","yes"
"159","Nvec_vc1.1_XM_048720909.1","SPATA2","","yes"
"160","Nvec_vc1.1_XM_048721466.1","","Hint_2/","yes"
"161","Nvec_vc1.1_XM_048721612.1","","","yes"
"162","Nvec_vc1.1_XM_048721671.1","VWDE","","yes"
"163","Nvec_vc1.1_XM_048721851.1","TRPM3","LSDAT_euk/Ion_trans/","yes"
"164","Nvec_vc1.1_XM_048722051.1","VWDE","EGF/","yes"
"165","Nvec_vc1.1_XM_048722108.1","OCRL","INPP5B_PH/Exo_endo_phos/RhoGAP/","yes"
"166","Nvec_vc1.1_XM_048723677.1","CGAS","Mab-21/Mab-21/","yes"
"167","Nvec_vc1.1_XM_048724035.1","FGFR1","Kringle/fn3/SEA/fn3/Pkinase_Tyr/","yes"
"168","Nvec_vc1.1_XM_048724182.1","","","yes"
"169","Nvec_vc1.1_XM_048724497.1","","","yes"
"170","Nvec_vc1.1_XM_048724594.1","SCUBE2","EGF_3/EGF_CA/EGF_CA/EGF_CA/EGF_CA/EGF_CA/EGF_CA/EGF_CA/EGF_CA/EGF_CA/EGF_CA/EGF_CA/EGF_3/","yes"
"171","Nvec_vc1.1_XM_048724711.1","NFKB1","RHD_DNA_bind/RHD_dimer/","yes"
"172","Nvec_vc1.1_XM_048725316.1","OTOA","","yes"
"173","Nvec_vc1.1_XM_048725318.1","GBP6","GBP/GBP_C/","yes"
"174","Nvec_vc1.1_XM_048725712.1","PARP12","zf-CCCH_4/WWE/PARP/","yes"
"175","Nvec_vc1.1_XM_048725797.1","","","yes"
"176","Nvec_vc1.1_XM_048725835.1","HMCN1","VWA_2/","yes"
"177","Nvec_vc1.1_XM_048726018.1","EGFL7","FXa_inhibition/FXa_inhibition/cEGF/EGF_CA/EGF_CA/Sushi/Ig_3/Ig_3/","yes"
"178","Nvec_vc1.1_XM_048726173.1","SACS","HEPN/HEPN/","yes"
"179","Nvec_vc1.1_XM_048726181.1","SACS","HEPN/HEPN/HEPN/","yes"
"180","Nvec_vc1.1_XM_048726183.1","TDRKH","KH_1/KH_1/KH_1/","yes"
"181","Nvec_vc1.1_XM_048726263.1","PXDN","LRR_8/I-set/I-set/I-set/I-set/An_peroxidase/","yes"
"182","Nvec_vc1.1_XM_048726950.1","SACS","HEPN/","yes"
"183","Nvec_vc1.1_XM_048727073.1","SUSD2","NIDO/AMOP/VWD/Sushi/","yes"
"184","Nvec_vc1.1_XM_048727178.1","SACS","HEPN/","yes"
"185","Nvec_vc1.1_XM_048727185.1","HDAC6","zf-UBP/ADP_ribosyl_GH/","yes"
"186","Nvec_vc1.1_XM_048727411.1","","RdRP/","yes"
"187","Nvec_vc1.1_XM_048727453.1","","","yes"
"188","Nvec_vc1.1_XM_048727634.1","FAM172A","","yes"
"189","Nvec_vc1.1_XM_048727635.1","MALT1","Ig_3/Ig_2/Peptidase_C14/","yes"
"190","Nvec_vc1.1_XM_048727640.1","MALT1","Ig_3/Ig_2/Peptidase_C14/MALT1_Ig/","yes"
"191","Nvec_vc1.1_XM_048727719.1","CPAMD8","MG2/MG3/MG4/A2M_BRD/A2M/TED_complement/A2M_recep/","yes"
"192","Nvec_vc1.1_XM_048727937.1","MALT1","Ig_3/Peptidase_C14/","yes"
"193","Nvec_vc1.1_XM_048727961.1","","","yes"
"194","Nvec_vc1.1_XM_048728255.1","","","yes"
"195","Nvec_vc1.1_XM_048728502.1","CDADC1","dCMP_cyt_deam_1/dCMP_cyt_deam_1/","yes"
"196","Nvec_vc1.1_XM_048728599.1","TLL1","CUB/CUB/TSP_1/7tm_1/","yes"
"197","Nvec_vc1.1_XM_048728605.1","","","yes"
"198","Nvec_vc1.1_XM_048728750.1","GADL1","Pyridoxal_deC/","yes"
"199","Nvec_vc1.1_XM_048728810.1","","","yes"
"200","Nvec_vc1.1_XM_048729186.1","SPDEF","Ets/","yes"
"201","Nvec_vc1.1_XM_048729416.1","MAB21L1","Mab-21/","yes"
"202","Nvec_vc1.1_XM_048729646.1","FER","Pkinase_Tyr/Pkinase_Tyr/","yes"
"203","Nvec_vc1.1_XM_048729684.1","INSR","Pkinase_Tyr/","yes"
"204","Nvec_vc1.1_XM_048729832.1","UBB","ubiquitin/","yes"
"205","Nvec_vc1.1_XM_048730105.1","TRAFD1","","yes"
"206","Nvec_vc1.1_XM_048730275.1","","","yes"
"207","Nvec_vc1.1_XM_048730525.1","SLIT1","LRR_8/LRR_8/","yes"
"208","Nvec_vc1.1_XM_048730851.1","","","yes"
"209","Nvec_vc1.1_XM_048731011.1","RNF213","zf-C3HC4_3/","yes"
"210","Nvec_vc1.1_XM_048731153.1","","","yes"
"211","Nvec_vc1.1_XM_048731263.1","MASP1","Sushi/Sushi/Sushi/Sushi/Trypsin/","yes"
"212","Nvec_vc1.1_XM_048731560.1","","","yes"
"213","Nvec_vc1.1_XM_048731617.1","C3","MG1/MG2/MG3/MG4/A2M_BRD/A2M/TED_complement/A2M_recep/NTR/","yes"
"214","Nvec_vc1.1_XM_048731656.1","RNF213","zf-C3HC4_3/","yes"
"215","Nvec_vc1.1_XM_048731785.1","","CARD_2/","yes"
"216","Nvec_vc1.1_XM_048731788.1","LRP6","Ldl_recept_b/Ldl_recept_b/FXa_inhibition/EGF/","yes"
"217","Nvec_vc1.1_XM_048731856.1","RNF213","zf-C3HC4_3/","yes"
"218","Nvec_vc1.1_XM_048731857.1","RNF213","zf-C3HC4_3/","yes"
"219","Nvec_vc1.1_XM_048731996.1","INPPL1","SH2/Exo_endo_phos/SAM_2/","yes"
"220","Nvec_vc1.1_XM_048732226.1","DICER1","ResIII/Helicase_C/Dicer_dimer/PAZ/Ribonuclease_3/Ribonuclease_3/","yes"
"221","Nvec_vc1.1_XM_048732318.1","","","yes"
"222","Nvec_vc1.1_XM_048732419.1","EDA","TNF/TNF/","yes"
"223","Nvec_vc1.1_XM_048732532.1","ETS1","Ets/","yes"
"224","Nvec_vc1.1_XM_048732730.1","NCAM1","Ig_3/Ig_3/Ig_3/Ig_3/fn3/fn3/","yes"
"225","Nvec_vc1.1_XM_048732816.1","HELZ2","AAA_11/AAA_11/AAA_12/RNB/AAA_11/AAA_12/","yes"
"226","Nvec_vc1.1_XM_048732824.1","HELZ2","AAA_11/AAA_11/AAA_12/RNB/AAA_11/AAA_12/","yes"
"227","Nvec_vc1.1_XM_048732930.1","OPCML","Ig_3/Ig_3/","yes"
"228","Nvec_vc1.1_XM_048732937.1","NCAM1","Ig_3/Ig_3/fn3/fn3/","yes"
"229","Nvec_vc1.1_XM_048733148.1","","","yes"
"230","Nvec_vc1.1_XM_048733242.1","LRRK2","Pkinase_Tyr/Roc/COR/Death/TIR_2/","yes"
"231","Nvec_vc1.1_XM_048733294.1","SVEP1","VWA/Sushi/Sushi/HYR/Ephrin_rec_like/Ephrin_rec_like/Ephrin_rec_like/EGF/EGF/EGF/EGF/hEGF/Pentaxin/F5_F8_type_C/EGF/Sushi/EGF_CA/FXa_inhibition/EGF_CA/Sushi/Sushi/Sushi/Sushi/Sushi/Sushi/CUB/CUB/","yes"
"232","Nvec_vc1.1_XM_048733319.1","FER","Pkinase_Tyr/Pkinase_Tyr/","yes"
"233","Nvec_vc1.1_XM_048733497.1","","TPR_12/","yes"
"234","Nvec_vc1.1_XM_048733823.1","DSTYK","Dynamin_N/Pkinase/","yes"
"235","Nvec_vc1.1_XM_048733838.1","RSAD2","Radical_SAM/","yes"
"236","Nvec_vc1.1_XM_048733868.1","MPEG1","MACPF/","yes"
"237","Nvec_vc1.1_XM_048734392.1","TLR6","TIR_2/","yes"
"238","Nvec_vc1.1_XM_048734513.1","","DUF4773/","yes"
"239","Nvec_vc1.1_XM_048734583.1","","DUF4773/","yes"
"240","Nvec_vc1.1_XM_048734678.1","FGFR2","Kringle/fn3/SEA/fn3/Pkinase_Tyr/","yes"
"241","Nvec_vc1.1_XM_048734679.1","FGFR2","Pkinase_Tyr/","yes"
"242","Nvec_vc1.1_XM_048734719.1","TNIP1","CC2-LZ/","yes"
"243","Nvec_vc1.1_XM_048734766.1","PARP14","Macro/Macro/PARP/","yes"
"244","Nvec_NVE13521","","PID/","no"
"245","Nvec_NVE20529","","","no"
"246","Nvec_NVE22144","GNG2","G-gamma/","no"
"247","Nvec_NVE4470","","","no"
"248","Nvec_NVE6867","","","no"
"249","Nvec_v1g111827","ADGRL3","Gal_Lectin/","no"
"250","Nvec_v1g127536","TSTD1","Rhodanese/","no"
"251","Nvec_v1g132004","BRI3","DUF2367/","no"
"252","Nvec_v1g221816","FKRP","LicD/","no"
"253","Nvec_vc1.1_XM_001620722.3","","TRAM_LAG1_CLN8/","no"
"254","Nvec_vc1.1_XM_001622273.3","EPHX1","EHN/","no"
"255","Nvec_vc1.1_XM_001622373.3","HSPA8","HSP70/","no"
"256","Nvec_vc1.1_XM_001622437.3","","TUDOR_5/","no"
"257","Nvec_vc1.1_XM_001622472.3","GADD45G","","no"
"258","Nvec_vc1.1_XM_001622563.3","GPR161","7tm_1/","no"
"259","Nvec_vc1.1_XM_001622867.3","TEK","IgGFc_binding/Ig_3/SEA/fn3/Pkinase_Tyr/","no"
"260","Nvec_vc1.1_XM_001623084.3","SIX4","SIX1_SD/Homeodomain/","no"
"261","Nvec_vc1.1_XM_001623129.3","TMEM127","","no"
"262","Nvec_vc1.1_XM_001623270.3","PRSS16","Peptidase_S28/","no"
"263","Nvec_vc1.1_XM_001623327.3","","","no"
"264","Nvec_vc1.1_XM_001623361.3","KCND2","BTB_2/Ion_trans/","no"
"265","Nvec_vc1.1_XM_001623462.3","","DUF885/","no"
"266","Nvec_vc1.1_XM_001623507.3","GDI1","GDI/","no"
"267","Nvec_vc1.1_XM_001623521.3","MESD","Mesd/","no"
"268","Nvec_vc1.1_XM_001623648.3","","Polysacc_deac_1/","no"
"269","Nvec_vc1.1_XM_001623817.3","GRM2","ANF_receptor/7tm_3/","no"
"270","Nvec_vc1.1_XM_001623940.3","ADRA1B","7tm_1/","no"
"271","Nvec_vc1.1_XM_001623946.3","PROP1","Homeodomain/","no"
"272","Nvec_vc1.1_XM_001624224.3","PEX16","Pex16/","no"
"273","Nvec_vc1.1_XM_001624665.3","SLC2A8","Sugar_tr/","no"
"274","Nvec_vc1.1_XM_001624688.3","CALU","EF-hand_5/EF-hand_5/EF-hand_5/","no"
"275","Nvec_vc1.1_XM_001624707.3","RIN3","VPS9/","no"
"276","Nvec_vc1.1_XM_001624997.3","FBXO11","F-box-like/","no"
"277","Nvec_vc1.1_XM_001625275.3","ACAP2","PH/","no"
"278","Nvec_vc1.1_XM_001625447.3","","DUF4419/","no"
"279","Nvec_vc1.1_XM_001625489.3","EXTL3","Exostosin/Glyco_transf_64/","no"
"280","Nvec_vc1.1_XM_001625587.3","","","no"
"281","Nvec_vc1.1_XM_001625752.3","TMEM249","DUF4579/","no"
"282","Nvec_vc1.1_XM_001625822.3","ASPH","TPR_16/TPR_16/Asp_Arg_Hydrox/","no"
"283","Nvec_vc1.1_XM_001625888.3","CFL1","Cofilin_ADF/","no"
"284","Nvec_vc1.1_XM_001626016.3","PLA2G15","LCAT/LCAT/","no"
"285","Nvec_vc1.1_XM_001626359.3","TSPAN3","Tetraspanin/","no"
"286","Nvec_vc1.1_XM_001626451.3","HVCN1","Ion_trans/","no"
"287","Nvec_vc1.1_XM_001626460.3","IDNK","SKI/","no"
"288","Nvec_vc1.1_XM_001626477.3","JMJD7","Cupin_8/","no"
"289","Nvec_vc1.1_XM_001626510.3","CASP8","DED/DED/Peptidase_C14/","no"
"290","Nvec_vc1.1_XM_001626546.3","MOV10","AAA_11/AAA_11/AAA_12/","no"
"291","Nvec_vc1.1_XM_001626584.3","ERN1","Ank_2/Pkinase/Ribonuc_2-5A/","no"
"292","Nvec_vc1.1_XM_001626643.3","PPA1","Pyrophosphatase/","no"
"293","Nvec_vc1.1_XM_001626660.3","HERC1","RCC1/RCC1/RCC1/RCC1/RCC1/","no"
"294","Nvec_vc1.1_XM_001626771.3","MEP1B","Astacin/ShK/","no"
"295","Nvec_vc1.1_XM_001626785.3","FBP2","FBPase/FBPase_C/","no"
"296","Nvec_vc1.1_XM_001627136.3","TBX1","T-box/","no"
"297","Nvec_vc1.1_XM_001627225.3","LHFPL6","L_HMGIC_fpl/","no"
"298","Nvec_vc1.1_XM_001627303.3","GRM3","ANF_receptor/7tm_3/","no"
"299","Nvec_vc1.1_XM_001627321.3","MTNR1A","7tm_1/","no"
"300","Nvec_vc1.1_XM_001627380.3","","MORN/MORN/","no"
"301","Nvec_vc1.1_XM_001627402.3","OCA2","CitMHS/","no"
"302","Nvec_vc1.1_XM_001627458.3","FGFR1","LRR_8/LRR_8/LRR_8/EGF_CA/EGF_CA/Pkinase_Tyr/","no"
"303","Nvec_vc1.1_XM_001627501.3","ELMO1","DUF3361/ELMO_CED12/PH_12/","no"
"304","Nvec_vc1.1_XM_001627502.3","FAM210B","DUF1279/","no"
"305","Nvec_vc1.1_XM_001627906.3","","DUF4793/","no"
"306","Nvec_vc1.1_XM_001627939.3","SORCS3","Sortilin-Vps10/Sortilin_C/PKD_4/","no"
"307","Nvec_vc1.1_XM_001628151.3","NPFFR2","7tm_1/","no"
"308","Nvec_vc1.1_XM_001628273.3","","","no"
"309","Nvec_vc1.1_XM_001628385.3","FSTL1","Kazal_2/EF-hand_1/","no"
"310","Nvec_vc1.1_XM_001628435.3","","zf-MYND/DUF4470/","no"
"311","Nvec_vc1.1_XM_001628602.3","COTL1","Cofilin_ADF/","no"
"312","Nvec_vc1.1_XM_001628635.3","PAX3","PAX/Homeodomain/","no"
"313","Nvec_vc1.1_XM_001628725.3","BCO1","RPE65/","no"
"314","Nvec_vc1.1_XM_001628972.3","CRLF3","","no"
"315","Nvec_vc1.1_XM_001629006.3","APOD","Lipocalin_2/","no"
"316","Nvec_vc1.1_XM_001629037.3","STK17A","Pkinase/","no"
"317","Nvec_vc1.1_XM_001629252.3","SPG21","","no"
"318","Nvec_vc1.1_XM_001629280.3","KCNK3","Ion_trans_2/Ion_trans_2/","no"
"319","Nvec_vc1.1_XM_001629287.3","PRDX5","Redoxin/","no"
"320","Nvec_vc1.1_XM_001629371.3","","Nucleic_acid_bd/","no"
"321","Nvec_vc1.1_XM_001629420.3","","Rhodanese/","no"
"322","Nvec_vc1.1_XM_001629468.3","","Cation_efflux/","no"
"323","Nvec_vc1.1_XM_001629576.3","","","no"
"324","Nvec_vc1.1_XM_001629587.3","GRINA","Bax1-I/","no"
"325","Nvec_vc1.1_XM_001629620.3","MFSD6","MFS_1_like/","no"
"326","Nvec_vc1.1_XM_001629759.3","","ubiquitin/TerD/","no"
"327","Nvec_vc1.1_XM_001629925.3","GULP1","PID_2/","no"
"328","Nvec_vc1.1_XM_001630135.3","CTSB","Peptidase_C1/","no"
"329","Nvec_vc1.1_XM_001630279.3","","Lipase_GDSL_2/","no"
"330","Nvec_vc1.1_XM_001630669.3","TMEM175","DUF1211/DUF1211/","no"
"331","Nvec_vc1.1_XM_001630694.1","","Cupin_2/","no"
"332","Nvec_vc1.1_XM_001630837.3","CRYL1","3HCDH_N/3HCDH/","no"
"333","Nvec_vc1.1_XM_001631441.3","","","no"
"334","Nvec_vc1.1_XM_001631512.3","","","no"
"335","Nvec_vc1.1_XM_001631699.3","RILPL1","Jnk-SapK_ap_N/RILP/","no"
"336","Nvec_vc1.1_XM_001631839.3","PRADC1","PA/","no"
"337","Nvec_vc1.1_XM_001632044.3","ARRDC1","Arrestin_N/Arrestin_C/","no"
"338","Nvec_vc1.1_XM_001632217.3","","WES_acyltransf/WS_DGAT_C/","no"
"339","Nvec_vc1.1_XM_001632422.3","RAB1B","Ras/","no"
"340","Nvec_vc1.1_XM_001632426.3","","","no"
"341","Nvec_vc1.1_XM_001632432.3","ASTL","Astacin/","no"
"342","Nvec_vc1.1_XM_001632680.3","TATDN1","TatD_DNase/","no"
"343","Nvec_vc1.1_XM_001632746.3","MB21D2","Mab-21/","no"
"344","Nvec_vc1.1_XM_001632824.3","TBX20","T-box/","no"
"345","Nvec_vc1.1_XM_001632837.3","METTL7A","Methyltransf_11/","no"
"346","Nvec_vc1.1_XM_001632944.3","","","no"
"347","Nvec_vc1.1_XM_001632975.3","","","no"
"348","Nvec_vc1.1_XM_001633119.3","IYD","Nitroreductase/","no"
"349","Nvec_vc1.1_XM_001633167.3","","","no"
"350","Nvec_vc1.1_XM_001633255.3","CAMK2D","Pkinase/","no"
"351","Nvec_vc1.1_XM_001633366.3","SERINC1","Serinc/","no"
"352","Nvec_vc1.1_XM_001633368.3","TRIM45","zf-B_box/Filamin/NHL/NHL/NHL/","no"
"353","Nvec_vc1.1_XM_001633494.3","","DDE_1/","no"
"354","Nvec_vc1.1_XM_001633510.3","MARCHF1","RINGv/","no"
"355","Nvec_vc1.1_XM_001633543.3","","WBP-1/","no"
"356","Nvec_vc1.1_XM_001633643.3","NBN","FHA/BRCT/NIBRIN_BRCT_II/Nbs1_C/","no"
"357","Nvec_vc1.1_XM_001633796.3","TLL1","Astacin/CUB/CUB/FXa_inhibition/CUB/FXa_inhibition/CUB/CUB/","no"
"358","Nvec_vc1.1_XM_001633798.3","TPP1","Pro-kuma_activ/Peptidase_S8/","no"
"359","Nvec_vc1.1_XM_001633845.3","CASP3","CARD/Peptidase_C14/","no"
"360","Nvec_vc1.1_XM_001633854.3","GABBR2","ANF_receptor/ANF_receptor/7tm_3/","no"
"361","Nvec_vc1.1_XM_001633882.3","FMO2","FMO-like/","no"
"362","Nvec_vc1.1_XM_001633887.3","","","no"
"363","Nvec_vc1.1_XM_001633988.3","TENT2","TUTase/PAP_assoc/","no"
"364","Nvec_vc1.1_XM_001634024.3","PIK3CB","PI3K_p85B/PI3K_rbd/PI3K_C2/PI3Ka/PI3_PI4_kinase/","no"
"365","Nvec_vc1.1_XM_001634079.3","","Acetyltransf_10/","no"
"366","Nvec_vc1.1_XM_001634573.3","","","no"
"367","Nvec_vc1.1_XM_001634653.3","TTC34","TPR_16/","no"
"368","Nvec_vc1.1_XM_001634956.3","GSC","Homeodomain/","no"
"369","Nvec_vc1.1_XM_001634986.3","STAT5A","STAT_alpha/STAT_bind/SH2/","no"
"370","Nvec_vc1.1_XM_001635039.3","","PG_binding_1/","no"
"371","Nvec_vc1.1_XM_001635751.3","VAMP7","Longin/Synaptobrevin/","no"
"372","Nvec_vc1.1_XM_001635830.3","SYNPR","","no"
"373","Nvec_vc1.1_XM_001635867.3","PTPRF","fn3/fn3/fn3/fn3/fn3/fn3/fn3/fn3/fn3/PTP_tm/Y_phosphatase/Y_phosphatase/","no"
"374","Nvec_vc1.1_XM_001635935.3","","","no"
"375","Nvec_vc1.1_XM_001636100.3","","ROK/","no"
"376","Nvec_vc1.1_XM_001636299.3","NSMAF","WD40/WD40/","no"
"377","Nvec_vc1.1_XM_001636450.3","HDAC11","Hist_deacetyl/","no"
"378","Nvec_vc1.1_XM_001636479.3","GAB2","PH/","no"
"379","Nvec_vc1.1_XM_001636585.3","GGT1","G_glu_transpept/","no"
"380","Nvec_vc1.1_XM_001636687.3","GPR157","7tm_2/","no"
"381","Nvec_vc1.1_XM_001636847.3","FSCN1","Fascin/Fascin/Fascin/Fascin/","no"
"382","Nvec_vc1.1_XM_001636928.3","AGPS","FAD_binding_4/FAD-oxidase_C/","no"
"383","Nvec_vc1.1_XM_001636955.3","FKRP","LicD/","no"
"384","Nvec_vc1.1_XM_001637013.3","RAB20","Ras/","no"
"385","Nvec_vc1.1_XM_001637179.3","","Tctex-1/","no"
"386","Nvec_vc1.1_XM_001637239.3","","","no"
"387","Nvec_vc1.1_XM_001637307.3","NSDHL","3Beta_HSD/","no"
"388","Nvec_vc1.1_XM_001637344.3","TWF1","Cofilin_ADF/Cofilin_ADF/","no"
"389","Nvec_vc1.1_XM_001637591.3","LARP6","La/SUZ-C/","no"
"390","Nvec_vc1.1_XM_001637706.3","MAPK6","Pkinase/","no"
"391","Nvec_vc1.1_XM_001637768.3","SHB","SH2/","no"
"392","Nvec_vc1.1_XM_001638196.3","","","no"
"393","Nvec_vc1.1_XM_001638224.3","TSHR","LRR_8/7tm_1/","no"
"394","Nvec_vc1.1_XM_001638372.3","PAQR4","HlyIII/","no"
"395","Nvec_vc1.1_XM_001638503.3","CMTM4","MARVEL/","no"
"396","Nvec_vc1.1_XM_001638660.3","HUNK","Pkinase/","no"
"397","Nvec_vc1.1_XM_001638670.3","FBXW7","F-box-like/WD40/WD40/ANAPC4_WD40/","no"
"398","Nvec_vc1.1_XM_001638747.3","CNKSR2","PH/","no"
"399","Nvec_vc1.1_XM_001638781.3","MAB21L3","Mab-21/","no"
"400","Nvec_vc1.1_XM_001638875.3","CPA4","Propep_M14/Peptidase_M14/","no"
"401","Nvec_vc1.1_XM_001638897.3","CHRNA2","Neur_chan_LBD/Neur_chan_memb/","no"
"402","Nvec_vc1.1_XM_001638906.3","TRPA1","Ank_2/Ank/Ank_2/Ank_2/Ion_trans/","no"
"403","Nvec_vc1.1_XM_001638943.3","CALHM6","Ca_hom_mod/","no"
"404","Nvec_vc1.1_XM_001638954.3","TRIM65","zf-C3HC4_3/","no"
"405","Nvec_vc1.1_XM_001639006.3","SMPDL3B","Metallophos/","no"
"406","Nvec_vc1.1_XM_001639208.3","ABL1","SH3_1/SH2/Pkinase_Tyr/","no"
"407","Nvec_vc1.1_XM_001639209.3","BOK","Bcl-2/","no"
"408","Nvec_vc1.1_XM_001639224.3","NIBAN2","PH/","no"
"409","Nvec_vc1.1_XM_001639254.3","NLGN4X","COesterase/","no"
"410","Nvec_vc1.1_XM_001639260.3","RO60","TROVE/TROVE/TROVE/","no"
"411","Nvec_vc1.1_XM_001639517.3","SBSPON","TSP1_spondin/","no"
"412","Nvec_vc1.1_XM_001639625.3","LCT","Glyco_hydro_1/","no"
"413","Nvec_vc1.1_XM_001639802.3","SMPD2","Exo_endo_phos/","no"
"414","Nvec_vc1.1_XM_001639806.3","FER","FCH/SH2/Pkinase_Tyr/","no"
"415","Nvec_vc1.1_XM_001639869.3","","Aerolysin/","no"
"416","Nvec_vc1.1_XM_001639883.3","MITD1","MIT/MIT_C/","no"
"417","Nvec_vc1.1_XM_001640072.3","KCNC1","BTB_2/Ion_trans/","no"
"418","Nvec_vc1.1_XM_001640236.3","PLEKHA6","PH/","no"
"419","Nvec_vc1.1_XM_001640356.3","NPFFR2","7tm_1/","no"
"420","Nvec_vc1.1_XM_001640556.3","RNASET2","Ribonuclease_T2/","no"
"421","Nvec_vc1.1_XM_001640575.3","SLC46A3","MFS_1/","no"
"422","Nvec_vc1.1_XM_001640770.3","TATDN2","zf-CCHC/TatD_DNase/","no"
"423","Nvec_vc1.1_XM_001640818.3","MARCHF5","RINGv/","no"
"424","Nvec_vc1.1_XM_001640870.3","SLC30A2","Cation_efflux/","no"
"425","Nvec_vc1.1_XM_001640929.3","SERHL2","Abhydrolase_1/","no"
"426","Nvec_vc1.1_XM_001641048.3","RET","V-set/Ig_3/I-set/fn3/Pkinase_Tyr/","no"
"427","Nvec_vc1.1_XM_001641064.3","GABBR2","ANF_receptor/7tm_3/","no"
"428","Nvec_vc1.1_XM_001641077.3","HCN4","Ion_trans_N/Ion_trans/cNMP_binding/","no"
"429","Nvec_vc1.1_XM_001641080.3","MFSD6","MFS_1_like/","no"
"430","Nvec_vc1.1_XM_001641083.3","NUB1","Ubiquitin_5/UBA/UBA/","no"
"431","Nvec_vc1.1_XM_001641749.3","HSPH1","HSP70/","no"
"432","Nvec_vc1.1_XM_032361845.2","","","no"
"433","Nvec_vc1.1_XM_032361875.2","MFSD4A","MFS_1/","no"
"434","Nvec_vc1.1_XM_032361891.2","FEM1C","DED/Nucleic_acid_bd/Ank_2/Ank_2/Ank_2/","no"
"435","Nvec_vc1.1_XM_032361937.2","LRMDA","LRR_9/","no"
"436","Nvec_vc1.1_XM_032362002.2","IRS1","PH/IRS/","no"
"437","Nvec_vc1.1_XM_032362039.2","SLC17A5","MFS_1/","no"
"438","Nvec_vc1.1_XM_032362102.2","GRAMD1A","GRAM/","no"
"439","Nvec_vc1.1_XM_032362159.2","","","no"
"440","Nvec_vc1.1_XM_032362349.2","CAPN7","MIT/Peptidase_C2/","no"
"441","Nvec_vc1.1_XM_032362379.2","NKX2_2","Homeodomain/","no"
"442","Nvec_vc1.1_XM_032362607.2","FOXQ1","Forkhead/","no"
"443","Nvec_vc1.1_XM_032362653.2","SHC1","PID/SH2/","no"
"444","Nvec_vc1.1_XM_032362886.2","FAT4","HH_signal/VWA/Cadherin/Cadherin/Cadherin/Cadherin/Cadherin/Cadherin/Cadherin/Cadherin/Cadherin/Cadherin/Cadherin/Cadherin/Cadherin/Cadherin/Cadherin/Cadherin/Cadherin/Cadherin/Cadherin/Cadherin/Cadherin/Ig_3/Ig_3/EGF/SH2/","no"
"445","Nvec_vc1.1_XM_032363017.2","TAL1","HLH/","no"
"446","Nvec_vc1.1_XM_032363089.2","PARD3","PH/PDZ/","no"
"447","Nvec_vc1.1_XM_032363143.2","TJP1","PDZ/","no"
"448","Nvec_vc1.1_XM_032363165.2","","","no"
"449","Nvec_vc1.1_XM_032363236.2","MROH1","","no"
"450","Nvec_vc1.1_XM_032363327.2","B4GALNT3","CHGN/","no"
"451","Nvec_vc1.1_XM_032363357.2","A1CF","RRM_1/RRM_1/RRM_1/DND1_DSRM/","no"
"452","Nvec_vc1.1_XM_032363372.2","","","no"
"453","Nvec_vc1.1_XM_032363375.2","UNC5C","TSP_1/ZU5/Death/","no"
"454","Nvec_vc1.1_XM_032363425.2","SLC6A15","SNF/","no"
"455","Nvec_vc1.1_XM_032363430.2","","EamA/","no"
"456","Nvec_vc1.1_XM_032363616.2","","","no"
"457","Nvec_vc1.1_XM_032363652.2","TDP1","zf-CCHH/Tyr-DNA_phospho/","no"
"458","Nvec_vc1.1_XM_032363855.2","","","no"
"459","Nvec_vc1.1_XM_032363935.2","OARD1","Macro/","no"
"460","Nvec_vc1.1_XM_032363979.2","FGFR2","Ig_3/I-set/CBM_14/Ig_3/I-set/I-set/Pkinase_Tyr/","no"
"461","Nvec_vc1.1_XM_032364164.2","CEP350","","no"
"462","Nvec_vc1.1_XM_032364225.2","HMG20A","HMG_box/","no"
"463","Nvec_vc1.1_XM_032364236.2","ADAMTS6","Pep_M12B_propep/Reprolysin/ADAM_CR_2/TSP_1/TSP1_ADAMTS/TSP1_ADAMTS/TSP1_ADAMTS/CUB/CUB/","no"
"464","Nvec_vc1.1_XM_032364244.2","COL5A3","COLFI/","no"
"465","Nvec_vc1.1_XM_032364306.2","VAT1","ADH_N/ADH_zinc_N_2/","no"
"466","Nvec_vc1.1_XM_032364316.2","PCSK1","S8_pro-domain/Peptidase_S8/P_proprotein/","no"
"467","Nvec_vc1.1_XM_032364373.2","IRF8","IRF/","no"
"468","Nvec_vc1.1_XM_032364561.2","HNF1A","HNF-1_N/Homeodomain/","no"
"469","Nvec_vc1.1_XM_032364682.2","GRB2","SAM_2/SH2/","no"
"470","Nvec_vc1.1_XM_032364772.2","LBP","LBP_BPI_CETP/","no"
"471","Nvec_vc1.1_XM_032364777.2","DUSP11","DSPc/","no"
"472","Nvec_vc1.1_XM_032364820.2","APAF1","CARD/CARD/NB-ARC/APAF1_C/WD40/WD40/WD40/WD40/WD40/WD40/WD40/WD40/","no"
"473","Nvec_vc1.1_XM_032364881.2","MOB3B","Mob1_phocein/","no"
"474","Nvec_vc1.1_XM_032364921.2","AGTRAP","AGTRAP/","no"
"475","Nvec_vc1.1_XM_032365155.2","CHRNA3","Neur_chan_LBD/Neur_chan_memb/","no"
"476","Nvec_vc1.1_XM_032365212.2","ARX","Homeodomain/","no"
"477","Nvec_vc1.1_XM_032365230.2","GCKR","","no"
"478","Nvec_vc1.1_XM_032365236.2","","DUF3990/","no"
"479","Nvec_vc1.1_XM_032365240.2","","DUF3990/","no"
"480","Nvec_vc1.1_XM_032365352.2","FGD6","RhoGEF/PH/FYVE/PH/","no"
"481","Nvec_vc1.1_XM_032365542.2","PTPN12","Y_phosphatase/","no"
"482","Nvec_vc1.1_XM_032365713.2","","Lipase_GDSL_2/","no"
"483","Nvec_vc1.1_XM_032365773.2","","MAJIN/","no"
"484","Nvec_vc1.1_XM_032365810.2","HHIPL2","Folate_rec/GSDH/ShK/ShK/","no"
"485","Nvec_vc1.1_XM_032365829.2","GPR137B","","no"
"486","Nvec_vc1.1_XM_032365879.2","POSTN","Fasciclin/Fasciclin/Fasciclin/Fasciclin/","no"
"487","Nvec_vc1.1_XM_032365883.2","MMP25","PG_binding_1/Peptidase_M10/Hemopexin/Hemopexin/Hemopexin/","no"
"488","Nvec_vc1.1_XM_032365930.2","STARD9","START/START/","no"
"489","Nvec_vc1.1_XM_032365966.2","","","no"
"490","Nvec_vc1.1_XM_032366184.2","SH3BP2","PH/","no"
"491","Nvec_vc1.1_XM_032366225.2","KLF13","zf-C2H2/zf-C2H2/zf-C2H2/","no"
"492","Nvec_vc1.1_XM_032366268.2","MYD88","Death/TIR_2/","no"
"493","Nvec_vc1.1_XM_032366489.2","","SPARC_Ca_bdg/","no"
"494","Nvec_vc1.1_XM_032366500.2","GLIPR2","CAP/CAP/","no"
"495","Nvec_vc1.1_XM_032366593.2","","","no"
"496","Nvec_vc1.1_XM_032366602.2","ELF2","SAM_PNT/Ets/","no"
"497","Nvec_vc1.1_XM_032366639.2","PYROXD1","Pyr_redox_2/Pyr_redox_2/Rubredoxin_C/","no"
"498","Nvec_vc1.1_XM_032366710.2","MVP","Vault_2/Vault/Vault/Vault/Vault_2/Vault/Vault_4/Vault_3/MVP_shoulder/","no"
"499","Nvec_vc1.1_XM_032366717.2","RHBDF1","Rhomboid/","no"
"500","Nvec_vc1.1_XM_032366842.2","PKD1L1","PKD/PKD/PKD/REJ/GPS/PLAT/PKD_channel/","no"
"501","Nvec_vc1.1_XM_032366858.2","GRN","Granulin/Granulin/Granulin/Granulin/Granulin/Granulin/Granulin/Granulin/Granulin/Granulin/Granulin/Granulin/Granulin/Granulin/","no"
"502","Nvec_vc1.1_XM_032366874.2","MRC1","Lectin_C/Lectin_C/Lectin_C/F5_F8_type_C/Lectin_C/Laminin_G_3/Lectin_C/Gal_Lectin/Lectin_C/Lectin_C/Lectin_C/Lectin_C/Lectin_C/Lectin_C/F5_F8_type_C/F5_F8_type_C/F5_F8_type_C/SEA/","no"
"503","Nvec_vc1.1_XM_032366875.2","ITGB1","PSI_integrin/Integrin_beta/Integrin_B_tail/Integrin_b_cyt/","no"
"504","Nvec_vc1.1_XM_032366892.2","MFN1","Dynamin_N/","no"
"505","Nvec_vc1.1_XM_032367207.2","TLL1","Astacin/ShK/ShK/","no"
"506","Nvec_vc1.1_XM_032367257.2","TERT","Telomerase_RBD/","no"
"507","Nvec_vc1.1_XM_032367284.2","KCNN1","Ion_trans_2/","no"
"508","Nvec_vc1.1_XM_032367345.2","","","no"
"509","Nvec_vc1.1_XM_032367348.2","DLC1","RhoGAP/START/","no"
"510","Nvec_vc1.1_XM_032367361.2","KLHL8","BTB/BACK/Kelch_1/Kelch_1/Kelch_1/Kelch_1/Kelch_1/","no"
"511","Nvec_vc1.1_XM_032367395.2","SH3D19","SH3_1/SH3_1/SH3_1/SH3_1/SH3_1/","no"
"512","Nvec_vc1.1_XM_032367622.2","CTTN","HS1_rep/HS1_rep/HS1_rep/HS1_rep/HS1_rep/HS1_rep/HS1_rep/HS1_rep/SH3_1/","no"
"513","Nvec_vc1.1_XM_032367682.2","MDC1","FHA/RTT107_BRCT_5/","no"
"514","Nvec_vc1.1_XM_032367731.2","","","no"
"515","Nvec_vc1.1_XM_032368495.2","KLHL20","BTB/BACK/Kelch_1/Kelch_1/Kelch_1/Kelch_1/Kelch_1/","no"
"516","Nvec_vc1.1_XM_032369302.2","RUNX1T1","zf-MYND/","no"
"517","Nvec_vc1.1_XM_032369316.2","","Efg1/","no"
"518","Nvec_vc1.1_XM_032369438.2","KLHL12","BTB/BACK/Kelch_1/Kelch_1/Kelch_1/Kelch_1/Kelch_1/Kelch_1/","no"
"519","Nvec_vc1.1_XM_032369560.2","","","no"
"520","Nvec_vc1.1_XM_032369933.2","DIRAS1","Ras/","no"
"521","Nvec_vc1.1_XM_032370086.2","","Peptidase_A17/","no"
"522","Nvec_vc1.1_XM_032370147.2","","","no"
"523","Nvec_vc1.1_XM_032370149.2","MASP1","CUB/FXa_inhibition/CUB/Sushi/Sushi/Trypsin/","no"
"524","Nvec_vc1.1_XM_032370215.2","VCPIP1","OTU/","no"
"525","Nvec_vc1.1_XM_032370353.2","SPAG1","TPR_16/TPR_8/TPR_8/TPR_16/RPAP3_C/","no"
"526","Nvec_vc1.1_XM_032370497.2","GOLGA3","","no"
"527","Nvec_vc1.1_XM_032370693.2","","","no"
"528","Nvec_vc1.1_XM_032370735.2","","","no"
"529","Nvec_vc1.1_XM_032370760.2","LRRK2","Ank_4/Roc/COR/Pkinase/WD40_2/","no"
"530","Nvec_vc1.1_XM_032370871.2","","","no"
"531","Nvec_vc1.1_XM_032370872.2","","","no"
"532","Nvec_vc1.1_XM_032370897.2","MB21D2","Mab-21/","no"
"533","Nvec_vc1.1_XM_032371336.2","ZFP36L1","Tis11B_N/zf-CCCH/zf-CCCH/","no"
"534","Nvec_vc1.1_XM_032371512.2","GABRR1","Neur_chan_LBD/Neur_chan_memb/","no"
"535","Nvec_vc1.1_XM_032371552.2","","MMR_HSR1/","no"
"536","Nvec_vc1.1_XM_032371649.2","PCSK5","S8_pro-domain/Peptidase_S8/P_proprotein/GF_recep_IV/GF_recep_IV/","no"
"537","Nvec_vc1.1_XM_032371836.2","CBFB","CBF_beta/","no"
"538","Nvec_vc1.1_XM_032371913.2","SLC38A7","Aa_trans/","no"
"539","Nvec_vc1.1_XM_032372010.2","SH3PXD2B","PX/SH3_1/SH3_1/SH3_1/SH3_1/SH3_1/SH3_1/","no"
"540","Nvec_vc1.1_XM_032372106.2","RXFP1","fn2/CUB/fn2/Ldl_recept_a/Ldl_recept_a/LRR_8/LRR_8/7tm_1/","no"
"541","Nvec_vc1.1_XM_032372444.2","RAB11A","Pkinase/Ras/","no"
"542","Nvec_vc1.1_XM_032372463.2","CLPTM1L","CLPTM1/","no"
"543","Nvec_vc1.1_XM_032372867.2","ZNF367","zf-C2H2/zf-C2H2/zf-C2H2/zf-C2H2/zf-C2H2/zf-C2H2/zf-C2H2/zf-C2H2/zf-C2H2/zf-C2H2/","no"
"544","Nvec_vc1.1_XM_032372987.2","ZNF704","DUF4772/","no"
"545","Nvec_vc1.1_XM_032373045.1","CASR","ANF_receptor/NCD3G/7tm_3/","no"
"546","Nvec_vc1.1_XM_032373119.2","MPP5","PDZ/PDZ/SH3_2/Guanylate_kin/","no"
"547","Nvec_vc1.1_XM_032373183.2","WDFY3","FYVE/FYVE/","no"
"548","Nvec_vc1.1_XM_032373192.2","","","no"
"549","Nvec_vc1.1_XM_032373331.2","ATG2B","Chorein_N/ATG_C/","no"
"550","Nvec_vc1.1_XM_032373372.2","RS1","F5_F8_type_C/","no"
"551","Nvec_vc1.1_XM_032373618.2","NKX2_2","Homeodomain/","no"
"552","Nvec_vc1.1_XM_032373809.2","ADAM9","Pep_M12B_propep/Reprolysin/Disintegrin/F5_F8_type_C/ADAM_CR/TSP_1/TSP_1/","no"
"553","Nvec_vc1.1_XM_032373866.2","SULF2","Sulfatase/","no"
"554","Nvec_vc1.1_XM_032373868.2","TBC1D2B","PH/RabGAP-TBC/","no"
"555","Nvec_vc1.1_XM_032373923.2","GLIPR2","CAP/","no"
"556","Nvec_vc1.1_XM_032374003.2","SPARC","Kazal_2/SPARC_Ca_bdg/","no"
"557","Nvec_vc1.1_XM_032374172.2","MUSK","CUB/Ig_3/Ig_3/Ig_3/Pkinase_Tyr/","no"
"558","Nvec_vc1.1_XM_032374258.2","HERC2","Ras/RCC1/RCC1/RCC1_2/RCC1_2/","no"
"559","Nvec_vc1.1_XM_032374404.2","","Lipase_3/","no"
"560","Nvec_vc1.1_XM_032374819.2","","","no"
"561","Nvec_vc1.1_XM_032374843.2","TBX1","T-box/","no"
"562","Nvec_vc1.1_XM_032374871.2","CASKIN1","Chitin_synth_2/SAM_1/SAM_1/","no"
"563","Nvec_vc1.1_XM_032375103.2","SUFU","SUFU/SUFU_C/","no"
"564","Nvec_vc1.1_XM_032375521.2","","Ank_2/","no"
"565","Nvec_vc1.1_XM_032375533.2","ADRA1A","7tm_1/","no"
"566","Nvec_vc1.1_XM_032375542.2","HMCN2","Ig_3/Ig_3/","no"
"567","Nvec_vc1.1_XM_032375635.2","OTX1","Homeodomain/","no"
"568","Nvec_vc1.1_XM_032375701.2","EFNB2","Ephrin/","no"
"569","Nvec_vc1.1_XM_032375704.2","KCNG4","Ion_trans_2/","no"
"570","Nvec_vc1.1_XM_032376044.2","ATP8A1","PhoLip_ATPase_N/Cation_ATPase/PhoLip_ATPase_C/","no"
"571","Nvec_vc1.1_XM_032376059.2","STK31","TUDOR/","no"
"572","Nvec_vc1.1_XM_032376142.2","ENPP3","Phosphodiest/Endonuclease_NS/","no"
"573","Nvec_vc1.1_XM_032376148.2","C9orf72","C9orf72-like/","no"
"574","Nvec_vc1.1_XM_032376181.2","AC023055.1","DnaJ/Jiv90/","no"
"575","Nvec_vc1.1_XM_032376191.2","","Peptidase_A17/","no"
"576","Nvec_vc1.1_XM_032376379.2","VCP","CDC48_N/CDC48_2/AAA/AAA_lid_3/AAA/AAA_lid_3/Vps4_C/","no"
"577","Nvec_vc1.1_XM_032376437.2","P4HA1","P4Ha_N/2OG-FeII_Oxy_3/","no"
"578","Nvec_vc1.1_XM_032376614.2","","Ependymin/","no"
"579","Nvec_vc1.1_XM_032376695.2","LAMC1","Laminin_N/Laminin_EGF/Laminin_EGF/Laminin_EGF/Laminin_EGF/Laminin_B/Laminin_EGF/Laminin_EGF/Laminin_EGF/Laminin_EGF/Laminin_EGF/Laminin_EGF/Laminin_EGF/","no"
"580","Nvec_vc1.1_XM_032376708.2","GOLGA1","GRIP/","no"
"581","Nvec_vc1.1_XM_032376742.2","RAC1","Ras/BTB/BTB/","no"
"582","Nvec_vc1.1_XM_032376869.2","CASP8","Neuralized/Peptidase_C14/","no"
"583","Nvec_vc1.1_XM_032376953.2","JAG1","DSL/DSL/DSL/DSL/DSL/","no"
"584","Nvec_vc1.1_XM_032377090.2","","","no"
"585","Nvec_vc1.1_XM_032377212.2","KCNJ2","IRK/IRK_C/","no"
"586","Nvec_vc1.1_XM_032377343.2","","DUF229/","no"
"587","Nvec_vc1.1_XM_032377357.1","DBF4B","zf-DBF/","no"
"588","Nvec_vc1.1_XM_032377385.2","CTSZ","Peptidase_C1/","no"
"589","Nvec_vc1.1_XM_032377472.2","TLL1","fn2/Astacin/ShK/ShK/","no"
"590","Nvec_vc1.1_XM_032378020.2","","Fuseless/","no"
"591","Nvec_vc1.1_XM_032378048.2","NR2F1","zf-C4/Hormone_recep/","no"
"592","Nvec_vc1.1_XM_032378236.2","","","no"
"593","Nvec_vc1.1_XM_032378316.2","","","no"
"594","Nvec_vc1.1_XM_032378372.2","DRD1","7tm_1/","no"
"595","Nvec_vc1.1_XM_032378450.2","SCUBE2","EGF_CA/EGF/EGF_CA/EGF_CA/FXa_inhibition/EGF_CA/","no"
"596","Nvec_vc1.1_XM_032378472.2","NEU1","BNR_2/","no"
"597","Nvec_vc1.1_XM_032378651.2","HSPG2","I-set/CUB/","no"
"598","Nvec_vc1.1_XM_032378741.2","UMOD","EGF/Zona_pellucida/","no"
"599","Nvec_vc1.1_XM_032379113.2","DNAJC21","DnaJ/","no"
"600","Nvec_vc1.1_XM_032379131.2","HPS3","HPS3_N/HPS3_Mid/HPS3_Mid/HPS3_C/","no"
"601","Nvec_vc1.1_XM_032379496.2","","","no"
"602","Nvec_vc1.1_XM_032379636.2","DOK1","PH/IRS/","no"
"603","Nvec_vc1.1_XM_032379688.2","BARHL1","Homeodomain/","no"
"604","Nvec_vc1.1_XM_032379723.2","ALX4","Homeodomain/OAR/","no"
"605","Nvec_vc1.1_XM_032379858.2","","","no"
"606","Nvec_vc1.1_XM_032379969.2","","","no"
"607","Nvec_vc1.1_XM_032380328.2","YES1","SH3_1/SH2/Pkinase_Tyr/","no"
"608","Nvec_vc1.1_XM_032380426.2","BCL2L1","Bcl-2/","no"
"609","Nvec_vc1.1_XM_032380528.2","PTPN11","SH2/SH2/Y_phosphatase/","no"
"610","Nvec_vc1.1_XM_032380896.2","HCRTR2","7tm_1/","no"
"611","Nvec_vc1.1_XM_032380975.2","ERG","SAM_PNT/Ets/","no"
"612","Nvec_vc1.1_XM_032381020.2","ZIC4","zf_ZIC/zf-C2H2/zf-C2H2/","no"
"613","Nvec_vc1.1_XM_032381070.2","ALPK1","Alpha_kinase/","no"
"614","Nvec_vc1.1_XM_032381137.2","PXK","WH2/","no"
"615","Nvec_vc1.1_XM_032381408.2","COL12A1","VWA/","no"
"616","Nvec_vc1.1_XM_032381524.2","FREM2","Cadherin_3/Cadherin_3/Cadherin_3/Cadherin_3/Cadherin_3/Cadherin_3/Cadherin_3/Cadherin_3/Cadherin_3/Cadherin_3/Cadherin_3/Calx-beta/Calx-beta/Calx-beta/Calx-beta/Calx-beta/","no"
"617","Nvec_vc1.1_XM_032381735.2","","","no"
"618","Nvec_vc1.1_XM_032381868.2","MAPK8IP1","SH3_9/PID/","no"
"619","Nvec_vc1.1_XM_032381908.2","HAND2","HLH/","no"
"620","Nvec_vc1.1_XM_032381920.2","MAT2B","RmlD_sub_bind/","no"
"621","Nvec_vc1.1_XM_032382024.2","","UPAR_LY6/","no"
"622","Nvec_vc1.1_XM_032382117.2","NPFFR2","7tm_1/","no"
"623","Nvec_vc1.1_XM_032382135.2","ZCWPW1","zf-CW/PWWP/","no"
"624","Nvec_vc1.1_XM_032382277.2","","DUF4523/","no"
"625","Nvec_vc1.1_XM_032382339.2","PIK3AP1","DBB/","no"
"626","Nvec_vc1.1_XM_032382352.2","GPR157","Dicty_CAR/","no"
"627","Nvec_vc1.1_XM_032382667.2","SLC24A2","Na_Ca_ex/Na_Ca_ex/","no"
"628","Nvec_vc1.1_XM_032382726.2","PLOD3","","no"
"629","Nvec_vc1.1_XM_032382759.2","","CD20/","no"
"630","Nvec_vc1.1_XM_032382761.2","CNTN1","fn3/","no"
"631","Nvec_vc1.1_XM_032382788.2","KLHL28","BTB/BACK/","no"
"632","Nvec_vc1.1_XM_032382934.2","MICALL1","CH/","no"
"633","Nvec_vc1.1_XM_032383120.2","","","no"
"634","Nvec_vc1.1_XM_032383280.2","SLC48A1","HRG/","no"
"635","Nvec_vc1.1_XM_032383500.2","","","no"
"636","Nvec_vc1.1_XM_032383554.2","CA1","Carb_anhydrase/","no"
"637","Nvec_vc1.1_XM_032383567.2","THBS1","Sushi/TSP_3/TSP_3/TSP_3/TSP_3/TSP_3/TSP_3/TSP_3/TSP_C/MAM/Laminin_G_3/","no"
"638","Nvec_vc1.1_XM_032383622.2","GRASP","PH/PDZ_6/","no"
"639","Nvec_vc1.1_XM_032383667.2","CHN1","SH2/C1_1/RhoGAP/","no"
"640","Nvec_vc1.1_XM_032383688.1","","","no"
"641","Nvec_vc1.1_XM_032383753.2","TMEFF2","Kazal_1/Kazal_1/Kazal_1/Kazal_1/Kazal_2/Kazal_2/Kazal_2/Kazal_2/","no"
"642","Nvec_vc1.1_XM_032383755.2","FST","Kazal_1/Kazal_2/Kazal_2/","no"
"643","Nvec_vc1.1_XM_032384057.2","","","no"
"644","Nvec_vc1.1_XM_032384172.2","ZNF711","zf-C2H2_6/zf-C2H2/zf-C2H2/zf-C2H2/zf-C2H2/zf-C2H2/zf-C2H2/zf-C2H2/zf-C2H2/","no"
"645","Nvec_vc1.1_XM_032384248.2","WDR6","WD40/WD40/","no"
"646","Nvec_vc1.1_XM_032384278.2","","DED/","no"
"647","Nvec_vc1.1_XM_032384295.2","SCD5","FA_desaturase/","no"
"648","Nvec_vc1.1_XM_032384511.2","","","no"
"649","Nvec_vc1.1_XM_032384571.2","RNF216","","no"
"650","Nvec_vc1.1_XM_032384692.2","BOLL","RRM_1/","no"
"651","Nvec_vc1.1_XM_032384789.2","MYRF","NDT80_PhoG/Peptidase_S74/MRF_C1/MRF_C2/","no"
"652","Nvec_vc1.1_XM_032384818.2","FGFR2","I-set/Ig_3/","no"
"653","Nvec_vc1.1_XM_032384853.2","F2","Sushi/EGF_3/Trypsin/","no"
"654","Nvec_vc1.1_XM_032384878.2","","GFO_IDH_MocA/GFO_IDH_MocA_C/","no"
"655","Nvec_vc1.1_XM_032384966.2","GRM4","ANF_receptor/ANF_receptor/ANF_receptor/","no"
"656","Nvec_vc1.1_XM_032385020.2","COLGALT2","Glyco_tranf_2_4/Glyco_transf_25/","no"
"657","Nvec_vc1.1_XM_032385118.2","HMCN1","I-set/I-set/Ig_3/Ig_3/fn3/fn3/","no"
"658","Nvec_vc1.1_XM_032385246.1","C7orf57","","no"
"659","Nvec_vc1.1_XM_032385536.2","CDC27","ANAPC3/TPR_8/TPR_1/TPR_8/","no"
"660","Nvec_vc1.1_XM_032385773.2","NAA80","Acetyltransf_1/","no"
"661","Nvec_vc1.1_XM_032385951.2","NYNRIN","Integrase_H2C2/rve/","no"
"662","Nvec_vc1.1_XM_032386038.2","SYNRG","","no"
"663","Nvec_vc1.1_XM_032386058.2","","ShK/ShK/MAM/","no"
"664","Nvec_vc1.1_XM_032386195.2","","","no"
"665","Nvec_vc1.1_XM_032386277.2","MOSPD2","CRAL_TRIO/Motile_Sperm/","no"
"666","Nvec_vc1.1_XM_032386292.2","TLL1","CUB/CUB/Ldl_recept_a/Ldl_recept_a/FXa_inhibition/EGF_CA/FXa_inhibition/FXa_inhibition/EGF_CA/EGF_CA/EGF_CA/EGF_CA/EGF_CA/Trypsin/","no"
"667","Nvec_vc1.1_XM_032386377.2","HPS4","Intu_longin_1/","no"
"668","Nvec_vc1.1_XM_032386835.2","TEX2","MMM1/","no"
"669","Nvec_vc1.1_XM_032386924.2","IQCE","IQ/","no"
"670","Nvec_vc1.1_XM_032386927.2","P3H2","2OG-FeII_Oxy_3/","no"
"671","Nvec_vc1.1_XM_032387186.2","SNAI1","zf-C2H2/zf-C2H2/zf-C2H2/zf-C2H2/","no"
"672","Nvec_vc1.1_XM_032387219.2","HRH2","7tm_1/","no"
"673","Nvec_vc1.1_XM_032387290.2","VWA5A","VIT/VWA_3/","no"
"674","Nvec_vc1.1_XM_032387315.2","ETV7","SAM_PNT/","no"
"675","Nvec_vc1.1_XM_032387395.2","LAMP2","Lamp/","no"
"676","Nvec_vc1.1_XM_032387399.2","","","no"
"677","Nvec_vc1.1_XM_048719344.1","TMEM220","TMEM220/","no"
"678","Nvec_vc1.1_XM_048719697.1","MAP3K2","DED/Death/Pkinase/","no"
"679","Nvec_vc1.1_XM_048719709.1","MFSD11","UNC-93/","no"
"680","Nvec_vc1.1_XM_048719811.1","CARD11","CARD/","no"
"681","Nvec_vc1.1_XM_048720000.1","PKDREJ","REJ/GPS/PLAT/PKD_channel/","no"
"682","Nvec_vc1.1_XM_048720207.1","ADRB2","7tm_1/","no"
"683","Nvec_vc1.1_XM_048720229.1","","","no"
"684","Nvec_vc1.1_XM_048720334.1","ZNFX1","AAA_11/AAA_12/PARP/PARP/","no"
"685","Nvec_vc1.1_XM_048720337.1","TNKS","PARP/PARP/","no"
"686","Nvec_vc1.1_XM_048720390.1","SKAP2","PH/SH3_9/","no"
"687","Nvec_vc1.1_XM_048720504.1","COL15A1","fn3/fn3/Collagen/Collagen/Collagen/Endostatin/","no"
"688","Nvec_vc1.1_XM_048720590.1","PIK3C2B","PI3K_rbd/PI3K_C2/PI3Ka/PI3_PI4_kinase/PX/C2/","no"
"689","Nvec_vc1.1_XM_048720817.1","CTRB2","Astacin/ShK/ShK/ShK/Trypsin/F5_F8_type_C/ShK/F5_F8_type_C/","no"
"690","Nvec_vc1.1_XM_048720827.1","","DUF1759/Peptidase_A17/Integrase_H2C2/","no"
"691","Nvec_vc1.1_XM_048720901.1","","TMEM151/","no"
"692","Nvec_vc1.1_XM_048720903.1","","","no"
"693","Nvec_vc1.1_XM_048720914.1","RSPRY1","SPRY/zf-C3HC4_3/","no"
"694","Nvec_vc1.1_XM_048720984.1","MFHAS1","LRR_8/Roc/","no"
"695","Nvec_vc1.1_XM_048721092.1","TENT4B","NTP_transf_2/PAP_assoc/","no"
"696","Nvec_vc1.1_XM_048721430.1","MYO10","SH3_19/Myosin_head/PH/PH/MyTH4/FERM_M/","no"
"697","Nvec_vc1.1_XM_048721470.1","ZSWIM8","","no"
"698","Nvec_vc1.1_XM_048721478.1","ZSWIM8","","no"
"699","Nvec_vc1.1_XM_048721492.1","RPS6KA2","Pkinase/Pkinase_C/Pkinase/","no"
"700","Nvec_vc1.1_XM_048721509.1","PARP4","BRCT/PARP/VIT/VWA_3/Actin/","no"
"701","Nvec_vc1.1_XM_048721511.1","DSTYK","Dynamin_N/Pkinase_Tyr/","no"
"702","Nvec_vc1.1_XM_048721536.1","PDE10A","GAF/GAF/PDEase_I/","no"
"703","Nvec_vc1.1_XM_048721603.1","","","no"
"704","Nvec_vc1.1_XM_048721635.1","MYO9B","RA/Myosin_head/Myosin_head/IQ/IQ/IQ/C1_1/RhoGAP/","no"
"705","Nvec_vc1.1_XM_048721684.1","KIF13B","CAP_GLY/","no"
"706","Nvec_vc1.1_XM_048721756.1","PLA2G6","Ank_2/Ank_2/Patatin/","no"
"707","Nvec_vc1.1_XM_048721807.1","JAG2","DSL/VWA/","no"
"708","Nvec_vc1.1_XM_048721810.1","LRRK1","Ank_2/Ank_2/Ank_2/LRR_8/LRR_8/Roc/COR/Pkinase/","no"
"709","Nvec_vc1.1_XM_048721861.1","SLC28A3","Nucleos_tra2_N/Gate/Nucleos_tra2_C/","no"
"710","Nvec_vc1.1_XM_048721871.1","","","no"
"711","Nvec_vc1.1_XM_048721915.1","SLC22A15","Sugar_tr/","no"
"712","Nvec_vc1.1_XM_048722062.1","ZSWIM8","","no"
"713","Nvec_vc1.1_XM_048722079.1","","","no"
"714","Nvec_vc1.1_XM_048722141.1","","Collagen/","no"
"715","Nvec_vc1.1_XM_048722690.1","SETD3","SET/Rubis-subs-bind/","no"
"716","Nvec_vc1.1_XM_048722710.1","ADGRL3","VWA/GPS/7tm_2/","no"
"717","Nvec_vc1.1_XM_048722964.1","ADGRD1","Laminin_G_3/Laminin_G_3/Laminin_G_3/Laminin_G_3/","no"
"718","Nvec_vc1.1_XM_048723089.1","TLL2","Astacin/","no"
"719","Nvec_vc1.1_XM_048723140.1","MICAL3","FAD_binding_2/CH/LIM/DUF3585/","no"
"720","Nvec_vc1.1_XM_048723196.1","LACTBL1","Beta-lactamase/","no"
"721","Nvec_vc1.1_XM_048723350.1","ITGA8","FG-GAP/FG-GAP/Integrin_alpha2/","no"
"722","Nvec_vc1.1_XM_048723374.1","PTPRS","fn3/fn3/fn3/fn3/fn3/","no"
"723","Nvec_vc1.1_XM_048723575.1","P4HA2","P4Ha_N/2OG-FeII_Oxy_3/","no"
"724","Nvec_vc1.1_XM_048723596.1","VPS13D","","no"
"725","Nvec_vc1.1_XM_048723605.1","COL2A1","Collagen/Collagen/COLFI/","no"
"726","Nvec_vc1.1_XM_048723847.1","","Aerolysin/","no"
"727","Nvec_vc1.1_XM_048723859.1","PJVK","Gasdermin/","no"
"728","Nvec_vc1.1_XM_048724012.1","GLI3","zf-C2H2/zf-C2H2/zf-C2H2/","no"
"729","Nvec_vc1.1_XM_048724015.1","","","no"
"730","Nvec_vc1.1_XM_048724032.1","GABRA5","Neur_chan_LBD/Neur_chan_memb/","no"
"731","Nvec_vc1.1_XM_048724303.1","","","no"
"732","Nvec_vc1.1_XM_048724378.1","F2","Lustrin_cystein/Ldl_recept_b/Ldl_recept_b/Ldl_recept_b/Sushi/I-set/Trypsin/","no"
"733","Nvec_vc1.1_XM_048724390.1","ITGB1","PSI_integrin/Integrin_beta/I-EGF_1/Integrin_B_tail/Integrin_b_cyt/","no"
"734","Nvec_vc1.1_XM_048724504.1","MALRD1","fn2/MAM/MAM/MAM/MAM/MAM/MAM/MAM/MAM/MAM/MAM/MAM/MAM/MAM/MAM/MAM/MAM/MAM/MAM/MAM/MAM/MAM/MAM/MAM/MAM/Trefoil/Trefoil/MAM/MAM/MAM/MAM/Ldl_recept_a/MAM/Ldl_recept_a/MAM/Ldl_recept_a/MAM/Ldl_recept_a/MAM/MAM/MAM/Ldl_recept_a/MAM/Ldl_recept_a/MAM/MAM/Ldl_recept_a/MAM/Ldl_recept_a/MAM/Ldl_recept_a/MAM/MAM/Ldl_recept_a/MAM/MAM/MAM/MAM/Ldl_recept_a/Ldl_recept_a/","no"
"735","Nvec_vc1.1_XM_048724688.1","AGRN","WAP/Kazal_2/Kunitz_BPTI/Kunitz_BPTI/Kunitz_BPTI/WAP/WAP/WAP/WAP/WAP/WAP/WAP/WAP/WAP/WAP/Thyroglobulin_1/Thyroglobulin_1/Thyroglobulin_1/WAP/Thyroglobulin_1/Thyroglobulin_1/Kazal_2/Kazal_2/Kazal_2/Kazal_2/Kazal_2/WAP/Kazal_2/Kazal_2/Kazal_2/Kazal_2/Kazal_2/Kazal_2/Kazal_1/Kazal_2/Kazal_1/Kazal_2/Kazal_2/Kazal_2/Kazal_2/Kazal_2/WAP/","no"
"736","Nvec_vc1.1_XM_048724697.1","","RUN/","no"
"737","Nvec_vc1.1_XM_048724698.1","PLCH2","EF-hand_like/PI-PLC-X/PI-PLC-Y/C2/","no"
"738","Nvec_vc1.1_XM_048724753.1","","","no"
"739","Nvec_vc1.1_XM_048724778.1","NEK7","Pkinase/Ras/","no"
"740","Nvec_vc1.1_XM_048724836.1","EFHD2","EF-hand_7/","no"
"741","Nvec_vc1.1_XM_048724845.1","LOXHD1","PLAT/PLAT/PLAT/PLAT/PLAT/PLAT/PLAT/PLAT/PLAT/PLAT/PLAT/PLAT/PLAT/PLAT/PLAT/PLAT/PLAT/","no"
"742","Nvec_vc1.1_XM_048724922.1","TBC1D15","RabGAP-TBC/","no"
"743","Nvec_vc1.1_XM_048725023.1","VIT","VWA/","no"
"744","Nvec_vc1.1_XM_048725035.1","HSPG2","Laminin_G_3/Ldl_recept_a/Ig_3/Laminin_B/Laminin_B/Laminin_EGF/Laminin_EGF/Laminin_EGF/Laminin_EGF/Laminin_B/Laminin_EGF/Laminin_EGF/Laminin_EGF/Laminin_EGF/Laminin_B/Laminin_EGF/Laminin_EGF/Laminin_EGF/I-set/I-set/I-set/Ig_3/I-set/Ig_3/I-set/Ig_3/Ig_3/Ig_3/Ig_3/Laminin_G_2/Laminin_G_1/Laminin_G_1/","no"
"745","Nvec_vc1.1_XM_048725063.1","","","no"
"746","Nvec_vc1.1_XM_048725077.1","","","no"
"747","Nvec_vc1.1_XM_048725190.1","PLEKHM2","RUN/PH/","no"
"748","Nvec_vc1.1_XM_048725234.1","PSTPIP1","FCH/SH3_9/","no"
"749","Nvec_vc1.1_XM_048725266.1","","","no"
"750","Nvec_vc1.1_XM_048725392.1","PIK3R1","SH3_9/SAM_2/C1_1/RhoGAP/SH2/PI3K_P85_iSH2/SH2/","no"
"751","Nvec_vc1.1_XM_048725404.1","DPP7","Peptidase_S28/","no"
"752","Nvec_vc1.1_XM_048725501.1","","EPTP/EPTP/","no"
"753","Nvec_vc1.1_XM_048725566.1","","","no"
"754","Nvec_vc1.1_XM_048725715.1","FBN2","","no"
"755","Nvec_vc1.1_XM_048725869.1","ABR","RhoGEF/PH_19/C2/RhoGAP/","no"
"756","Nvec_vc1.1_XM_048725908.1","LAMA5","Laminin_N/Laminin_EGF/Laminin_EGF/Laminin_EGF/Laminin_EGF/Laminin_EGF/Laminin_EGF/Laminin_EGF/Laminin_EGF/Laminin_EGF/Laminin_EGF/Laminin_EGF/Laminin_EGF/Laminin_EGF/Laminin_EGF/Laminin_EGF/Laminin_B/Laminin_EGF/Laminin_EGF/Laminin_EGF/Laminin_EGF/Laminin_EGF/Laminin_G_3/Laminin_G_2/Laminin_G_2/Laminin_G_2/Laminin_G_1/Laminin_G_2/","no"
"757","Nvec_vc1.1_XM_048726140.1","ING4","YqaJ/","no"
"758","Nvec_vc1.1_XM_048726141.1","NF2","FERM_N/FERM_M/FERM_C/ERM/","no"
"759","Nvec_vc1.1_XM_048726210.1","ZNFX1","AAA_11/AAA_12/","no"
"760","Nvec_vc1.1_XM_048726299.1","SLC22A5","Sugar_tr/","no"
"761","Nvec_vc1.1_XM_048726367.1","MVP","Vault_2/Vault/Vault/Vault/Vault_2/Vault/Vault_4/Vault_3/MVP_shoulder/","no"
"762","Nvec_vc1.1_XM_048726400.1","MIB1","MIB_HERC2/ZZ/MIB_HERC2/SH3_15/SH3_15/Ank_2/Ank_2/Ank_2/Ank_2/zf-C3HC4_3/zf-C3HC4_3/zf-C3HC4_3/","no"
"763","Nvec_vc1.1_XM_048726403.1","SDCBP","PDZ/PDZ/","no"
"764","Nvec_vc1.1_XM_048726512.1","SBNO1","AAA_34/Helicase_C_4/","no"
"765","Nvec_vc1.1_XM_048726622.1","CTSK","Inhibitor_I29/Peptidase_C1/Inhibitor_I29/Peptidase_C1/","no"
"766","Nvec_vc1.1_XM_048726676.1","TRAPPC11","Foie-gras_1/Gryzun-like/","no"
"767","Nvec_vc1.1_XM_048726696.1","LAMA3","Laminin_EGF/Laminin_EGF/Laminin_EGF/Laminin_EGF/Laminin_EGF/Laminin_EGF/Laminin_EGF/Laminin_EGF/Laminin_EGF/Laminin_EGF/Laminin_EGF/Laminin_EGF/Laminin_EGF/","no"
"768","Nvec_vc1.1_XM_048727015.1","DOCK7","DUF3398/DOCK-C2/DHR-2/","no"
"769","Nvec_vc1.1_XM_048727235.1","SMTN","CH/","no"
"770","Nvec_vc1.1_XM_048727363.1","PRKRA","dsrm/dsrm/","no"
"771","Nvec_vc1.1_XM_048727388.1","","","no"
"772","Nvec_vc1.1_XM_048727416.1","DSCAM","Laminin_G_3/","no"
"773","Nvec_vc1.1_XM_048727438.1","","","no"
"774","Nvec_vc1.1_XM_048727470.1","LRRK1","Ank_2/LRR_8/Roc/COR/Pkinase/WD40_2/","no"
"775","Nvec_vc1.1_XM_048727478.1","HMCN1","TSP1_ADAMTS/TSP1_ADAMTS/TSP1_ADAMTS/I-set/I-set/I-set/I-set/Ig_3/I-set/Ig_3/Ig_3/I-set/Ig_3/I-set/Ig_3/I-set/Ig_3/Ig_3/I-set/I-set/I-set/Ig_3/Ig_3/I-set/I-set/I-set/I-set/I-set/Ig_3/Ig_3/I-set/I-set/Ig_3/I-set/I-set/I-set/Ig_3/Ig_3/Ig_3/I-set/I-set/I-set/Ig_3/I-set/I-set/I-set/I-set/I-set/I-set/I-set/Ig_2/I-set/I-set/Ig_3/I-set/I-set/TSP1_ADAMTS/TSP1_ADAMTS/","no"
"776","Nvec_vc1.1_XM_048727517.1","ULK3","Pkinase/MIT/MIT/","no"
"777","Nvec_vc1.1_XM_048727567.1","","DUF1759/DUF1758/","no"
"778","Nvec_vc1.1_XM_048727678.1","PXDN","LRR_8/LRR_1/LRR_8/LRR_8/Ig_3/I-set/","no"
"779","Nvec_vc1.1_XM_048727774.1","RNF115","zinc_ribbon_9/zf-RING_2/","no"
"780","Nvec_vc1.1_XM_048727781.1","DENND3","uDENN/DENN/dDENN/","no"
"781","Nvec_vc1.1_XM_048727865.1","RAB1A","Ras/","no"
"782","Nvec_vc1.1_XM_048728043.1","PTPRD","F5_F8_type_C/F5_F8_type_C/F5_F8_type_C/F5_F8_type_C/F5_F8_type_C/Ig_3/fn3/fn3/fn3/fn3/fn3/PTP_tm/Y_phosphatase/Y_phosphatase/","no"
"783","Nvec_vc1.1_XM_048728066.1","","DED/TPR_12/","no"
"784","Nvec_vc1.1_XM_048728088.1","","Ank_5/","no"
"785","Nvec_vc1.1_XM_048728149.1","SYT7","C2/C2/","no"
"786","Nvec_vc1.1_XM_048728203.1","UNC13B","C2/C1_1/C2/DUF1041/Membr_traf_MHD/C2/","no"
"787","Nvec_vc1.1_XM_048728216.1","THBS3","COMP/EGF_CA/EGF_CA/TSP_3/TSP_3/TSP_3/TSP_3/TSP_3/TSP_3/TSP_C/","no"
"788","Nvec_vc1.1_XM_048728232.1","ZFYVE16","FYVE/DUF3480/","no"
"789","Nvec_vc1.1_XM_048728241.1","XPNPEP1","Creatinase_N/Creatinase_N_2/Peptidase_M24/Peptidase_M24_C/","no"
"790","Nvec_vc1.1_XM_048728250.1","","","no"
"791","Nvec_vc1.1_XM_048728346.1","EPPIN_WFDC6","CUB/Kunitz_BPTI/","no"
"792","Nvec_vc1.1_XM_048728422.1","TEK","fn3/Pkinase_Tyr/","no"
"793","Nvec_vc1.1_XM_048728464.1","KIF3B","Kinesin/Kinesin/","no"
"794","Nvec_vc1.1_XM_048728490.1","SDK2","fn3/SEA/fn3/fn3/fn3/fn3/fn3/fn3/fn3/fn3/fn3/fn3/Ion_trans_2/","no"
"795","Nvec_vc1.1_XM_048728566.1","DOCK1","SH3_1/DOCK_N/DOCK-C2/DHR-2/","no"
"796","Nvec_vc1.1_XM_048728591.1","","VPS9/","no"
"797","Nvec_vc1.1_XM_048728753.1","","","no"
"798","Nvec_vc1.1_XM_048728790.1","LARGE1","Glyco_transf_8/Glyco_transf_49/Glyco_transf_49/","no"
"799","Nvec_vc1.1_XM_048728821.1","LRRK2","Ank_2/LRR_8/LRR_8/LRR_1/LRR_8/Roc/COR/Pkinase/WD40_2/","no"
"800","Nvec_vc1.1_XM_048728854.1","WDR91","WD40/WD40/","no"
"801","Nvec_vc1.1_XM_048729083.1","ANKS1B","Ank_2/Ank/Ank_2/SAM_1/SAM_1/PID/","no"
"802","Nvec_vc1.1_XM_048729133.1","","SEFIR/","no"
"803","Nvec_vc1.1_XM_048729265.1","FKBP4","FKBP_C/FKBP_C/TPR_1/","no"
"804","Nvec_vc1.1_XM_048729276.1","LBP","LBP_BPI_CETP/LBP_BPI_CETP_C/","no"
"805","Nvec_vc1.1_XM_048729295.1","","SEFIR/","no"
"806","Nvec_vc1.1_XM_048729320.1","CD151","Tetraspanin/","no"
"807","Nvec_vc1.1_XM_048729407.1","DUSP1","Rhodanese/DSPc/","no"
"808","Nvec_vc1.1_XM_048729415.1","","","no"
"809","Nvec_vc1.1_XM_048729692.1","DHX57","RWD/DEAD/Helicase_C/HA2/OB_NTP_bind/","no"
"810","Nvec_vc1.1_XM_048729824.1","","","no"
"811","Nvec_vc1.1_XM_048729826.1","ANO10","Anoctamin/","no"
"812","Nvec_vc1.1_XM_048729828.1","TPCN1","Ion_trans/Ion_trans/","no"
"813","Nvec_vc1.1_XM_048729831.1","ECE2","Peptidase_M13_N/Peptidase_M13/","no"
"814","Nvec_vc1.1_XM_048729871.1","SLC16A11","MFS_1/MFS_1/","no"
"815","Nvec_vc1.1_XM_048730053.1","","","no"
"816","Nvec_vc1.1_XM_048730078.1","LYST","PH_BEACH/Beach/","no"
"817","Nvec_vc1.1_XM_048730109.1","CATSPERG","CATSPERG/CATSPERG/","no"
"818","Nvec_vc1.1_XM_048730249.1","PNLIPRP1","Lipase/PLAT/","no"
"819","Nvec_vc1.1_XM_048730287.1","LAMB1","Laminin_N/Laminin_EGF/Laminin_EGF/Laminin_EGF/Laminin_EGF/Laminin_EGF/Laminin_EGF/Laminin_EGF/Laminin_EGF/Laminin_EGF/Laminin_EGF/Laminin_EGF/Laminin_EGF/Laminin_EGF/","no"
"820","Nvec_vc1.1_XM_048730352.1","ADAMTS6","TSP_1/ADAM_spacer1/TSP1_ADAMTS/TSP1_ADAMTS/TSP1_ADAMTS/TSP1_ADAMTS/TSP1_ADAMTS/TSP1_ADAMTS/I-set/Ig_3/PLAC/","no"
"821","Nvec_vc1.1_XM_048730519.1","CSMD3","Sushi/Sushi/Sushi/Sushi/Sushi/Sushi/","no"
"822","Nvec_vc1.1_XM_048730759.1","MTM1","Myotub-related/PH/","no"
"823","Nvec_vc1.1_XM_048730873.1","SVEP1","Sushi/Sushi/Sushi/Sushi/Sushi/Sushi/Sushi/Sushi/Sushi/Sushi/Sushi/Sushi/Sushi/Sushi/Sushi/Sushi/Sushi/Sushi/Sushi/Sushi/Sushi/Sushi/Sushi/Sushi/Sushi/Sushi/Sushi/Sushi/Sushi/Sushi/Sushi/Sushi/Sushi/Sushi/Sushi/Sushi/Sushi/Sushi/Sushi/Sushi/Sushi/Sushi/Sushi/Sushi/Sushi/Sushi/Sushi/Sushi/Sushi/Sushi/F5_F8_type_C/","no"
"824","Nvec_vc1.1_XM_048731054.1","","DUF4476/DUF4476/","no"
"825","Nvec_vc1.1_XM_048731084.1","GAPVD1","RasGAP/DUF5601/VPS9/","no"
"826","Nvec_vc1.1_XM_048731238.1","F8","F5_F8_type_C/hEGF/EGF/EGF/EGF/EGF/","no"
"827","Nvec_vc1.1_XM_048731275.1","PLAA","WD40/WD40/WD40/WD40/WD40/WD40/PFU/PUL/","no"
"828","Nvec_vc1.1_XM_048731317.1","HGSNAT","DUF5009/","no"
"829","Nvec_vc1.1_XM_048731523.1","TOR1AIP1","LAP1C/","no"
"830","Nvec_vc1.1_XM_048731524.1","TOR1A","Torsin/","no"
"831","Nvec_vc1.1_XM_048731587.1","RGL1","RasGEF_N/RasGEF/RA/","no"
"832","Nvec_vc1.1_XM_048731597.1","AIF1","EF-hand_7/","no"
"833","Nvec_vc1.1_XM_048731669.1","","TUDOR_5/Tudor_3/","no"
"834","Nvec_vc1.1_XM_048731699.1","","ShK/ShK/","no"
"835","Nvec_vc1.1_XM_048731705.1","RABGAP1","PID/DUF3694/RabGAP-TBC/","no"
"836","Nvec_vc1.1_XM_048731747.1","XKR4","XK-related/","no"
"837","Nvec_vc1.1_XM_048731769.1","FKBP15","FKBP_C/","no"
"838","Nvec_vc1.1_XM_048731809.1","UBR4","zf-UBR/E3_UbLigase_R4/","no"
"839","Nvec_vc1.1_XM_048731817.1","EOGT","DUF563/","no"
"840","Nvec_vc1.1_XM_048731819.1","","","no"
"841","Nvec_vc1.1_XM_048731930.1","MSH5","MutS_III/MutS_IV/MutS_V/","no"
"842","Nvec_vc1.1_XM_048731952.1","COL4A5","Collagen/Collagen/Collagen/Collagen/Collagen/Collagen/Collagen/VWA/Collagen/Collagen/C4/C4/","no"
"843","Nvec_vc1.1_XM_048731962.1","ACER3","Ceramidase/","no"
"844","Nvec_vc1.1_XM_048732030.1","IFI44","MMR_HSR1/","no"
"845","Nvec_vc1.1_XM_048732153.1","HSPG2","Ig_3/Ig_3/","no"
"846","Nvec_vc1.1_XM_048732157.1","TPP2","Peptidase_S8/TPPII/","no"
"847","Nvec_vc1.1_XM_048732210.1","RET","I-set/Ig_3/I-set/I-set/Pkinase_Tyr/","no"
"848","Nvec_vc1.1_XM_048732319.1","HMCN1","Ig_3/Ig_3/Ig_3/Ig_3/Ig_3/Ig_3/Ig_2/Ig_3/fn3/","no"
"849","Nvec_vc1.1_XM_048732372.1","HMCN1","Ig_3/Ig_2/Ig_3/Ig_3/Ig_2/","no"
"850","Nvec_vc1.1_XM_048732468.1","TFPI","IGFBP/Kazal_2/Kunitz_BPTI/Kunitz_BPTI/VWC/VWC/VWC/","no"
"851","Nvec_vc1.1_XM_048732486.1","ADGRL3","Gal_Lectin/","no"
"852","Nvec_vc1.1_XM_048732495.1","SORL1","Sortilin-Vps10/Sortilin_C/Ldl_recept_b/Ldl_recept_b/Ldl_recept_b/Ldl_recept_a/Ldl_recept_a/Ldl_recept_a/Ldl_recept_a/Ldl_recept_a/Ldl_recept_a/Ldl_recept_a/Ldl_recept_a/Ldl_recept_a/fn3/fn3/fn3/","no"
"853","Nvec_vc1.1_XM_048732510.1","","DDE_Tnp_IS1595/","no"
"854","Nvec_vc1.1_XM_048732603.1","GLRA1","Neur_chan_LBD/Neur_chan_memb/","no"
"855","Nvec_vc1.1_XM_048732704.1","BACE1","Asp/","no"
"856","Nvec_vc1.1_XM_048732728.1","EGFL8","TSP_1/","no"
"857","Nvec_vc1.1_XM_048732840.1","HMCN2","Ig_3/Ig_3/Ig_3/Ig_3/Ig_3/fn3/","no"
"858","Nvec_vc1.1_XM_048732862.1","SAP130","SAP130_C/","no"
"859","Nvec_vc1.1_XM_048732913.1","CBX4","rve/Chromo/","no"
"860","Nvec_vc1.1_XM_048733066.1","CD163","SRCR/","no"
"861","Nvec_vc1.1_XM_048733167.1","TRANK1","","no"
"862","Nvec_vc1.1_XM_048733219.1","SPOCK2","SPARC_Ca_bdg/Thyroglobulin_1/","no"
"863","Nvec_vc1.1_XM_048733313.1","TRIM50","zf-RING_UBOX/zf-B_box/","no"
"864","Nvec_vc1.1_XM_048733370.1","ARAP1","SAM_1/PH/PH/ArfGap/PH/RhoGAP/RA/","no"
"865","Nvec_vc1.1_XM_048733386.1","CYFIP2","DUF1394/FragX_IP/","no"
"866","Nvec_vc1.1_XM_048733389.1","","","no"
"867","Nvec_vc1.1_XM_048733594.1","","TPR_12/TPR_12/TPR_12/","no"
"868","Nvec_vc1.1_XM_048733611.1","PDE2A","GAF/PDEase_I/","no"
"869","Nvec_vc1.1_XM_048733612.1","VWF","Laminin_G_3/VWC/TIL/","no"
"870","Nvec_vc1.1_XM_048733672.1","BMP1","CUB/CUB/FXa_inhibition/FXa_inhibition/cEGF/cEGF/EGF_CA/FXa_inhibition/cEGF/EGF_CA/cEGF/cEGF/cEGF/EGF_CA/FXa_inhibition/","no"
"871","Nvec_vc1.1_XM_048733763.1","FOLR3","Folate_rec/","no"
"872","Nvec_vc1.1_XM_048733829.1","MANBA","Glyco_hydro_2/Mannosidase_ig/Ig_mannosidase/","no"
"873","Nvec_vc1.1_XM_048733845.1","","THAP/HTH_Tnp_4/","no"
"874","Nvec_vc1.1_XM_048734048.1","TEX15","DUF3715/","no"
"875","Nvec_vc1.1_XM_048734095.1","GRN","Lipase_GDSL_2/Granulin/","no"
"876","Nvec_vc1.1_XM_048734252.1","CPA2","Propep_M14/Peptidase_M14/","no"
"877","Nvec_vc1.1_XM_048734388.1","TDRD7","OST-HTH/TUDOR/TUDOR/TUDOR/TUDOR/","no"
"878","Nvec_vc1.1_XM_048734390.1","TDRD7","OST-HTH/TUDOR/TUDOR/TUDOR/TUDOR/","no"
"879","Nvec_vc1.1_XM_048734601.1","","CARDB/CARDB/CARDB/CARDB/","no"
"880","Nvec_vc1.1_XM_048734648.1","","","no"
"881","Nvec_vc1.1_XM_048734649.1","","CD20/","no"
"882","Nvec_vc1.1_XM_048734687.1","FGF1","FGF/","no"
